seqnames,start,end,width,strand,cellType,dataSource,GTSP,patient,reads,refGenome,timePoint,timePointDays,timePointMonths,posid,estAbund,relAbund,inFeature,nearestFeature,nearestFeatureStrand,inFeatureExon,inFeatureSameOrt,nearestFeatureDist,nearestOncoFeature,nearestOncoFeatureDist,nearestOncoFeatureStrand,nearestlymphomaFeature,nearestlymphomaFeatureDist,nearestlymphomaFeatureStrand,readsPerSample,readsRelAbund,totalSampleFrags,include,labeledNearestFeature,posidLabel
chr1,161765922,161765922,1,-,PBMC,Illumina,GTSP3898,pin22,1,hg38,D0,0,0,chr1-161765922,1,1.4084507042253522,FALSE,ATF6,+,FALSE,FALSE,-320,FCGR2B,87267,+,PBX1,-2793436,+,76,1.3157894736842104,71,yes,ATF6 ,"ATF6 
chr1-161765922"
chr1,16366730,16366730,1,-,PBMC,Illumina,GTSP3898,pin22,1,hg38,D0,0,0,chr1-16366730,1,1.4084507042253522,FALSE,SZRD1,+,FALSE,FALSE,-298,EPHA2,-210620,-,LCK,-15884507,+,76,1.3157894736842104,71,yes,SZRD1 ,"SZRD1 
chr1-16366730"
chr1,151819760,151819760,1,+,PBMC,Illumina,GTSP3898,pin22,1,hg38,D0,0,0,chr1+151819760,1,1.4084507042253522,TRUE,RORC,-,FALSE,FALSE,0,RORC,0,-,PBX1,-12739598,+,76,1.3157894736842104,71,yes,RORC *~,"RORC *~
chr1+151819760"
chr1,161183869,161183869,1,+,PBMC,Illumina,GTSP3898,pin22,1,hg38,D0,0,0,chr1+161183869,1,1.4084507042253522,FALSE,ADAMTS4,-,FALSE,FALSE,5858,NECTIN4,-94273,-,PBX1,-3375489,+,76,1.3157894736842104,71,yes,ADAMTS4 ,"ADAMTS4 
chr1+161183869"
chr1,167618463,167618463,1,+,PBMC,Illumina,GTSP3898,pin22,1,hg38,D0,0,0,chr1+167618463,1,1.4084507042253522,FALSE,RCSD1,+,FALSE,TRUE,-11728,GPR161,461077,-,PBX1,2732415,+,76,1.3157894736842104,71,yes,RCSD1 ,"RCSD1 
chr1+167618463"
chr1,206923010,206923010,1,+,PBMC,Illumina,GTSP3898,pin22,1,hg38,D0,0,0,chr1+206923010,1,1.4084507042253522,FALSE,FCMR,-,FALSE,FALSE,-976,PIGR,5510,-,PBX1,42036962,+,76,1.3157894736842104,71,yes,FCMR ~,"FCMR ~
chr1+206923010"
chr1,21293104,21293104,1,+,PBMC,Illumina,GTSP3898,pin22,2,hg38,D0,0,0,chr1+21293104,2,2.8169014084507045,TRUE,ECE1,-,FALSE,FALSE,0,RAP1GAP,303115,-,LCK,-10958133,+,76,2.631578947368421,71,yes,ECE1 *,"ECE1 *
chr1+21293104"
chr1,44809195,44809195,1,+,PBMC,Illumina,GTSP3898,pin22,1,hg38,D0,0,0,chr1+44809195,1,1.4084507042253522,TRUE,BTBD19,+,FALSE,TRUE,0,BTBD19,0,+,TAL1,2407093,-,76,1.3157894736842104,71,yes,BTBD19 *~,"BTBD19 *~
chr1+44809195"
chr1,86451809,86451809,1,+,PBMC,Illumina,GTSP3898,pin22,1,hg38,D0,0,0,chr1+86451809,1,1.4084507042253522,TRUE,CLCA2,+,FALSE,TRUE,-0,CYR61,867841,+,STIL,-39137661,-,76,1.3157894736842104,71,yes,CLCA2 *,"CLCA2 *
chr1+86451809"
chr10,104268480,104268480,1,-,PBMC,Illumina,GTSP3898,pin22,1,hg38,D0,0,0,chr10-104268480,1,1.4084507042253522,FALSE,MIR4482,-,FALSE,TRUE,-74,SUFU,1635022,+,NFKB2,1865950,+,76,1.3157894736842104,71,yes,MIR4482 ,"MIR4482 
chr10-104268480"
chr10,133389249,133389249,1,-,PBMC,Illumina,GTSP3898,pin22,1,hg38,D0,0,0,chr10-133389249,1,1.4084507042253522,TRUE,PAOX,+,FALSE,FALSE,-0,BNIP3,-1407235,-,NFKB2,30986719,+,76,1.3157894736842104,71,yes,PAOX *,"PAOX *
chr10-133389249"
chr10,30682318,30682318,1,-,PBMC,Illumina,GTSP3898,pin22,1,hg38,D0,0,0,chr10-30682318,1,1.4084507042253522,FALSE,SVILP1,+,FALSE,FALSE,-9954,MAP3K8,220484,+,BMI1,8350832,+,76,1.3157894736842104,71,yes,SVILP1 ,"SVILP1 
chr10-30682318"
chr10,12116071,12116071,1,+,PBMC,Illumina,GTSP3898,pin22,1,hg38,D0,0,0,chr10+12116071,1,1.4084507042253522,TRUE,DHTKD1,+,FALSE,TRUE,-0,GATA3,4040869,+,KLF6,-8330789,-,76,1.3157894736842104,71,yes,DHTKD1 *,"DHTKD1 *
chr10+12116071"
chr10,23538076,23538076,1,+,PBMC,Illumina,GTSP3898,pin22,1,hg38,D0,0,0,chr10+23538076,1,1.4084507042253522,FALSE,OTUD1,+,FALSE,TRUE,95694,BMI1,1206590,+,BMI1,1206590,+,76,1.3157894736842104,71,yes,OTUD1 ,"OTUD1 
chr10+23538076"
chr11,123456415,123456415,1,-,PBMC,Illumina,GTSP3898,pin22,2,hg38,D0,0,0,chr11-123456415,1,1.4084507042253522,FALSE,LOC100128242,+,FALSE,FALSE,20695,SCN3B,172770,-,PICALM,-37386533,-,76,2.631578947368421,71,yes,LOC100128242 ,"LOC100128242 
chr11-123456415"
chr11,122722765,122722765,1,+,PBMC,Illumina,GTSP3898,pin22,1,hg38,D0,0,0,chr11+122722765,1,1.4084507042253522,TRUE,UBASH3B,+,FALSE,TRUE,0,MIR125B1,-622920,-,PICALM,-36652883,-,76,1.3157894736842104,71,yes,UBASH3B *,"UBASH3B *
chr11+122722765"
chr11,22703875,22703875,1,+,PBMC,Illumina,GTSP3898,pin22,1,hg38,D0,0,0,chr11+22703875,1,1.4084507042253522,TRUE,GAS2,+,FALSE,TRUE,0,FANCF,-78033,-,LMO2,11154699,-,76,1.3157894736842104,71,yes,GAS2 *,"GAS2 *
chr11+22703875"
chr11,36380784,36380784,1,+,PBMC,Illumina,GTSP3898,pin22,1,hg38,D0,0,0,chr11+36380784,1,1.4084507042253522,TRUE,PRR5L,+,FALSE,TRUE,-0,CD44,1148381,+,LMO2,-2488494,-,76,1.3157894736842104,71,yes,PRR5L *,"PRR5L *
chr11+36380784"
chr12,11979574,11979574,1,-,PBMC,Illumina,GTSP3898,pin22,1,hg38,D0,0,0,chr12-11979574,1,1.4084507042253522,FALSE,ETV6,+,FALSE,FALSE,84171,ETV6,84171,+,ETV6,84171,+,76,1.3157894736842104,71,yes,ETV6 ,"ETV6 
chr12-11979574"
chr12,88301484,88301484,1,-,PBMC,Illumina,GTSP3898,pin22,3,hg38,D0,0,0,chr12-88301484,2,2.8169014084507045,FALSE,TMTC3,+,FALSE,FALSE,101596,KITLG,191307,-,ETV6,76406081,+,76,3.9473684210526314,71,yes,TMTC3 ,"TMTC3 
chr12-88301484"
chr12,127166589,127166589,1,+,PBMC,Illumina,GTSP3898,pin22,1,hg38,D0,0,0,chr12+127166589,1,1.4084507042253522,FALSE,LINC02405,-,FALSE,FALSE,-106191,SCARB1,-2302615,-,ETV6,115271186,+,76,1.3157894736842104,71,yes,LINC02405 ,"LINC02405 
chr12+127166589"
chr13,99310443,99310443,1,+,PBMC,Illumina,GTSP3898,pin22,1,hg38,D0,0,0,chr13+99310443,1,1.4084507042253522,TRUE,UBAC2,+,FALSE,TRUE,-0,RAP2A,1842444,+,CDX2,-71341074,-,76,1.3157894736842104,71,yes,UBAC2 *,"UBAC2 *
chr13+99310443"
chr14,98940739,98940739,1,-,PBMC,Illumina,GTSP3898,pin22,1,hg38,D0,0,0,chr14-98940739,1,1.4084507042253522,FALSE,C14orf177,+,FALSE,FALSE,222972,BCL11B,228546,-,BCL11B,228546,-,76,1.3157894736842104,71,yes,C14orf177 ,"C14orf177 
chr14-98940739"
chr14,35933439,35933439,1,+,PBMC,Illumina,GTSP3898,pin22,1,hg38,D0,0,0,chr14+35933439,1,1.4084507042253522,FALSE,BRMS1L,+,FALSE,TRUE,61475,NFKBIA,-528684,-,TCL1A,59776526,-,76,1.3157894736842104,71,yes,BRMS1L ,"BRMS1L 
chr14+35933439"
chr14,71554940,71554940,1,+,PBMC,Illumina,GTSP3898,pin22,1,hg38,D0,0,0,chr14+71554940,1,1.4084507042253522,TRUE,SIPA1L1,+,FALSE,TRUE,-0,PNMA1,2156841,-,TCL1A,24155025,-,76,1.3157894736842104,71,yes,SIPA1L1 *,"SIPA1L1 *
chr14+71554940"
chr17,80877261,80877261,1,-,PBMC,Illumina,GTSP3898,pin22,2,hg38,D0,0,0,chr17-80877261,2,2.8169014084507045,TRUE,RPTOR,+,FALSE,FALSE,-0,RNF213,478474,+,None.found,Inf,None.found,76,2.631578947368421,71,yes,RPTOR *,"RPTOR *
chr17-80877261"
chr17,41868175,41868175,1,+,PBMC,Illumina,GTSP3898,pin22,1,hg38,D0,0,0,chr17+41868175,1,1.4084507042253522,TRUE,ACLY,-,FALSE,FALSE,-0,KLHL10,19806,+,None.found,Inf,None.found,76,1.3157894736842104,71,yes,ACLY *~,"ACLY *~
chr17+41868175"
chr17,75204777,75204777,1,+,PBMC,Illumina,GTSP3898,pin22,1,hg38,D0,0,0,chr17+75204777,1,1.4084507042253522,FALSE,NUP85,+,FALSE,TRUE,-657,GRB2,113297,-,None.found,Inf,None.found,76,1.3157894736842104,71,yes,NUP85 ,"NUP85 
chr17+75204777"
chr18,46251107,46251107,1,+,PBMC,Illumina,GTSP3898,pin22,1,hg38,D0,0,0,chr18+46251107,1,1.4084507042253522,TRUE,C18orf25,+,FALSE,TRUE,-0,EPG5,-283767,-,BCL2,16872237,-,76,1.3157894736842104,71,yes,C18orf25 *,"C18orf25 *
chr18+46251107"
chr19,10236054,10236054,1,-,PBMC,Illumina,GTSP3898,pin22,1,hg38,D0,0,0,chr19-10236054,1,1.4084507042253522,FALSE,S1PR2,-,FALSE,TRUE,-4781,ICAM1,-34785,+,LYL1,2862972,-,76,1.3157894736842104,71,yes,S1PR2 ~,"S1PR2 ~
chr19-10236054"
chr19,12785471,12785471,1,-,PBMC,Illumina,GTSP3898,pin22,1,hg38,D0,0,0,chr19-12785471,1,1.4084507042253522,FALSE,MIR5684,+,FALSE,FALSE,-1655,JUNB,-6023,+,LYL1,313555,-,76,1.3157894736842104,71,yes,MIR5684 ~,"MIR5684 ~
chr19-12785471"
chr19,48390635,48390635,1,-,PBMC,Illumina,GTSP3898,pin22,1,hg38,D0,0,0,chr19-48390635,1,1.4084507042253522,TRUE,KDELR1,-,FALSE,TRUE,0,GRIN2D,-4238,+,JUND,-30108978,-,76,1.3157894736842104,71,yes,KDELR1 *~,"KDELR1 *~
chr19-48390635"
chr19,49409524,49409524,1,+,PBMC,Illumina,GTSP3898,pin22,1,hg38,D0,0,0,chr19+49409524,1,1.4084507042253522,TRUE,CCDC155,+,FALSE,TRUE,-0,RRAS,225766,-,JUND,-31127867,-,76,1.3157894736842104,71,yes,CCDC155 *,"CCDC155 *
chr19+49409524"
chr2,113251793,113251793,1,-,PBMC,Illumina,GTSP3898,pin22,1,hg38,D0,0,0,chr2-113251793,1,1.4084507042253522,TRUE,"PAX8,PAX8-AS1","-,+",FALSE,FALSE,0,PAX8,0,-,BCL11A,-52698294,-,76,1.3157894736842104,71,yes,"PAX8,PAX8-AS1 *~","PAX8,PAX8-AS1 *~
chr2-113251793"
chr2,239327513,239327513,1,-,PBMC,Illumina,GTSP3898,pin22,1,hg38,D0,0,0,chr2-239327513,1,1.4084507042253522,TRUE,HDAC4,-,FALSE,TRUE,0,HDAC4,0,-,BCL11A,-178774014,-,76,1.3157894736842104,71,yes,HDAC4 *~,"HDAC4 *~
chr2-239327513"
chr2,25454642,25454642,1,+,PBMC,Illumina,GTSP3898,pin22,1,hg38,D0,0,0,chr2+25454642,1,1.4084507042253522,TRUE,DTNB,-,FALSE,FALSE,-0,DNMT3A,-112051,-,BCL11A,34996523,-,76,1.3157894736842104,71,yes,DTNB *,"DTNB *
chr2+25454642"
chr2,25797064,25797064,1,+,PBMC,Illumina,GTSP3898,pin22,2,hg38,D0,0,0,chr2+25797064,2,2.8169014084507045,TRUE,ASXL2,-,FALSE,FALSE,-0,DNMT3A,-454473,-,BCL11A,34654101,-,76,2.631578947368421,71,yes,ASXL2 *,"ASXL2 *
chr2+25797064"
chr2,30362947,30362947,1,+,PBMC,Illumina,GTSP3898,pin22,1,hg38,D0,0,0,chr2+30362947,1,1.4084507042253522,FALSE,LOC285043,+,FALSE,TRUE,12788,ALK,-441335,-,BCL11A,30088218,-,76,1.3157894736842104,71,yes,LOC285043 ,"LOC285043 
chr2+30362947"
chr20,60677922,60677922,1,-,PBMC,Illumina,GTSP3898,pin22,3,hg38,D0,0,0,chr20-60677922,2,2.8169014084507045,FALSE,MIR548AG2,+,FALSE,FALSE,113296,SS18L1,-1465796,+,None.found,Inf,None.found,76,3.9473684210526314,71,yes,MIR548AG2 ,"MIR548AG2 
chr20-60677922"
chr20,64005875,64005875,1,+,PBMC,Illumina,GTSP3898,pin22,1,hg38,D0,0,0,chr20+64005875,1,1.4084507042253522,TRUE,PRPF6,+,FALSE,TRUE,0,RGS19,67304,-,None.found,Inf,None.found,76,1.3157894736842104,71,yes,PRPF6 *,"PRPF6 *
chr20+64005875"
chr3,10027386,10027386,1,-,PBMC,Illumina,GTSP3898,pin22,1,hg38,D0,0,0,chr3-10027386,1,1.4084507042253522,TRUE,FANCD2,+,FALSE,FALSE,0,FANCD2,0,+,None.found,Inf,None.found,76,1.3157894736842104,71,yes,FANCD2 *~,"FANCD2 *~
chr3-10027386"
chr3,29284043,29284043,1,-,PBMC,Illumina,GTSP3898,pin22,1,hg38,D0,0,0,chr3-29284043,1,1.4084507042253522,TRUE,RBMS3,+,FALSE,FALSE,0,TGFBR2,-1322457,+,None.found,Inf,None.found,76,1.3157894736842104,71,yes,RBMS3 *,"RBMS3 *
chr3-29284043"
chr3,63855646,63855646,1,-,PBMC,Illumina,GTSP3898,pin22,1,hg38,D0,0,0,chr3-63855646,1,1.4084507042253522,TRUE,THOC7,-,FALSE,TRUE,0,PTPRG,1560747,+,None.found,Inf,None.found,76,1.3157894736842104,71,yes,THOC7 *,"THOC7 *
chr3-63855646"
chr3,11195465,11195465,1,+,PBMC,Illumina,GTSP3898,pin22,1,hg38,D0,0,0,chr3+11195465,1,1.4084507042253522,TRUE,HRH1,+,FALSE,TRUE,0,GHRL,-902517,-,None.found,Inf,None.found,76,1.3157894736842104,71,yes,HRH1 *,"HRH1 *
chr3+11195465"
chr3,148988067,148988067,1,+,PBMC,Illumina,GTSP3898,pin22,1,hg38,D0,0,0,chr3+148988067,1,1.4084507042253522,FALSE,GYG1,+,FALSE,TRUE,-3339,HLTF,41995,-,None.found,Inf,None.found,76,1.3157894736842104,71,yes,GYG1 ~,"GYG1 ~
chr3+148988067"
chr3,189306836,189306836,1,+,PBMC,Illumina,GTSP3898,pin22,1,hg38,D0,0,0,chr3+189306836,1,1.4084507042253522,TRUE,TPRG1,+,FALSE,TRUE,-0,LPP,416164,+,None.found,Inf,None.found,76,1.3157894736842104,71,yes,TPRG1 *,"TPRG1 *
chr3+189306836"
chr4,174538509,174538509,1,-,PBMC,Illumina,GTSP3898,pin22,1,hg38,D0,0,0,chr4-174538509,1,1.4084507042253522,FALSE,HPGD,-,FALSE,TRUE,-15610,ADAM29,-379847,+,RAP1GDS1,76094647,+,76,1.3157894736842104,71,yes,HPGD ,"HPGD 
chr4-174538509"
chr4,155585102,155585102,1,+,PBMC,Illumina,GTSP3898,pin22,1,hg38,D0,0,0,chr4+155585102,1,1.4084507042253522,FALSE,GUCY1A1,+,FALSE,TRUE,-81606,FBXW7,-3049006,-,RAP1GDS1,57141240,+,76,1.3157894736842104,71,yes,GUCY1A1 ,"GUCY1A1 
chr4+155585102"
chr4,37685124,37685124,1,+,PBMC,Illumina,GTSP3898,pin22,2,hg38,D0,0,0,chr4+37685124,2,2.8169014084507045,TRUE,RELL1,-,FALSE,FALSE,0,KLF3,-979043,+,RAP1GDS1,-60576250,+,76,2.631578947368421,71,yes,RELL1 *,"RELL1 *
chr4+37685124"
chr4,77858791,77858791,1,+,PBMC,Illumina,GTSP3898,pin22,1,hg38,D0,0,0,chr4+77858791,1,1.4084507042253522,FALSE,MRPL1,+,FALSE,TRUE,-3858,CXCL10,-1835254,-,RAP1GDS1,-20402583,+,76,1.3157894736842104,71,yes,MRPL1 ,"MRPL1 
chr4+77858791"
chr5,10761661,10761661,1,+,PBMC,Illumina,GTSP3898,pin22,1,hg38,D0,0,0,chr5+10761661,1,1.4084507042253522,FALSE,DAP,-,FALSE,FALSE,-385,CTNND2,210177,-,TLX3,-160547621,+,76,1.3157894736842104,71,yes,DAP ,"DAP 
chr5+10761661"
chr5,132466219,132466219,1,+,PBMC,Illumina,GTSP3898,pin22,1,hg38,D0,0,0,chr5+132466219,1,1.4084507042253522,TRUE,C5orf56,+,FALSE,TRUE,-0,IRF1,15388,-,TLX3,-38843063,+,76,1.3157894736842104,71,yes,C5orf56 *~,"C5orf56 *~
chr5+132466219"
chr6,157499639,157499639,1,-,PBMC,Illumina,GTSP3898,pin22,1,hg38,D0,0,0,chr6-157499639,1,1.4084507042253522,TRUE,ZDHHC14,+,FALSE,FALSE,0,ZDHHC14,0,+,NKAIN2,32673998,+,76,1.3157894736842104,71,yes,ZDHHC14 *~,"ZDHHC14 *~
chr6-157499639"
chr6,158014571,158014571,1,-,PBMC,Illumina,GTSP3898,pin22,1,hg38,D0,0,0,chr6-158014571,1,1.4084507042253522,TRUE,SYNJ2,+,FALSE,FALSE,0,ZDHHC14,340625,+,NKAIN2,33188930,+,76,1.3157894736842104,71,yes,SYNJ2 *,"SYNJ2 *
chr6-158014571"
chr6,158645176,158645176,1,+,PBMC,Illumina,GTSP3898,pin22,1,hg38,D0,0,0,chr6+158645176,1,1.4084507042253522,FALSE,DYNLT1,-,FALSE,FALSE,-389,ZDHHC14,971230,+,NKAIN2,33819535,+,76,1.3157894736842104,71,yes,DYNLT1 ,"DYNLT1 
chr6+158645176"
chr6,95576687,95576687,1,+,PBMC,Illumina,GTSP3898,pin22,1,hg38,D0,0,0,chr6+95576687,1,1.4084507042253522,TRUE,MANEA-AS1,-,TRUE,FALSE,0,EPHA7,-2157104,-,NKAIN2,-28227157,+,76,1.3157894736842104,71,yes,MANEA-AS1 *,"MANEA-AS1 *
chr6+95576687"
chr7,134710656,134710656,1,-,PBMC,Illumina,GTSP3898,pin22,1,hg38,D0,0,0,chr7-134710656,1,1.4084507042253522,FALSE,BPGM,+,FALSE,FALSE,30839,LRGUK,446064,+,None.found,Inf,None.found,76,1.3157894736842104,71,yes,BPGM ,"BPGM 
chr7-134710656"
chr7,8175952,8175952,1,-,PBMC,Illumina,GTSP3898,pin22,1,hg38,D0,0,0,chr7-8175952,1,1.4084507042253522,TRUE,ICA1,-,FALSE,TRUE,-0,COL28A1,-640122,-,None.found,Inf,None.found,76,1.3157894736842104,71,yes,ICA1 *,"ICA1 *
chr7-8175952"
chr7,3094687,3094687,1,+,PBMC,Illumina,GTSP3898,pin22,2,hg38,D0,0,0,chr7+3094687,1,1.4084507042253522,FALSE,LOC100129603,-,FALSE,FALSE,46228,CARD11,-50741,-,None.found,Inf,None.found,76,2.631578947368421,71,yes,LOC100129603 ,"LOC100129603 
chr7+3094687"
chr8,81096052,81096052,1,-,PBMC,Illumina,GTSP3898,pin22,1,hg38,D0,0,0,chr8-81096052,1,1.4084507042253522,TRUE,PAG1,-,FALSE,TRUE,0,TPD52,-924392,-,MYC,-46639380,+,76,1.3157894736842104,71,yes,PAG1 *,"PAG1 *
chr8-81096052"
chr9,33082845,33082845,1,+,PBMC,Illumina,GTSP3898,pin22,1,hg38,D0,0,0,chr9+33082845,1,1.4084507042253522,FALSE,SMU1,-,FALSE,FALSE,-6128,BAG1,169624,-,JAK2,27954661,+,76,1.3157894736842104,71,yes,SMU1 ,"SMU1 
chr9+33082845"
chrX,77961919,77961919,1,-,PBMC,Illumina,GTSP3898,pin22,1,hg38,D0,0,0,chrX-77961919,1,1.4084507042253522,TRUE,ATP7A,+,FALSE,FALSE,0,ATRX,-175649,-,MTCP1,77102113,-,76,1.3157894736842104,71,yes,ATP7A *,"ATP7A *
chrX-77961919"
chrX,71638221,71638221,1,+,PBMC,Illumina,GTSP3898,pin22,2,hg38,D0,0,0,chrX+71638221,1,1.4084507042253522,FALSE,CXCR3,-,FALSE,FALSE,-19703,CXCR3,-19703,-,MTCP1,83425811,-,76,2.631578947368421,71,yes,CXCR3 ~,"CXCR3 ~
chrX+71638221"
chrY,7106944,7106944,1,-,PBMC,Illumina,GTSP3898,pin22,2,hg38,D0,0,0,chrY-7106944,2,2.8169014084507045,FALSE,TBL1Y,+,FALSE,FALSE,15260,P2RY8,-5569799,-,None.found,Inf,None.found,76,2.631578947368421,71,yes,TBL1Y ,"TBL1Y 
chrY-7106944"
chr12,15700578,15700578,1,-,PBMC,Illumina,GTSP4693,pin22,13488,hg38,D1,1,0,chr12-15700578,1,6.666666666666667,TRUE,EPS8,-,FALSE,TRUE,-0,EPS8,-0,-,ETV6,3805175,+,80968,16.658432961169844,15,yes,EPS8 *~,"EPS8 *~
chr12-15700578"
chr16,27316670,27316670,1,-,PBMC,Illumina,GTSP4693,pin22,13,hg38,D1,1,0,chr16-27316670,1,6.666666666666667,TRUE,IL4R,+,FALSE,FALSE,0,IL4R,0,+,None.found,Inf,None.found,80968,0.01605572571880249,15,yes,IL4R *~,"IL4R *~
chr16-27316670"
chr17,50330935,50330935,1,-,PBMC,Illumina,GTSP4693,pin22,172,hg38,D1,1,0,chr17-50330935,1,6.666666666666667,FALSE,XYLT2,+,FALSE,FALSE,-15095,COL1A1,-129295,-,None.found,Inf,None.found,80968,0.21242960181800216,15,yes,XYLT2 ,"XYLT2 
chr17-50330935"
chr17,77644664,77644664,1,-,PBMC,Illumina,GTSP4693,pin22,2191,hg38,D1,1,0,chr17-77644664,1,6.666666666666667,FALSE,LINC01987,-,FALSE,TRUE,78206,SEPT9,144067,+,None.found,Inf,None.found,80968,2.706007311530481,15,yes,LINC01987 ,"LINC01987 
chr17-77644664"
chr21,14590740,14590740,1,+,PBMC,Illumina,GTSP4693,pin22,7080,hg38,D1,1,0,chr21+14590740,2,13.333333333333334,TRUE,SAMSN1-AS1,+,FALSE,TRUE,-0,NRIP1,370493,-,OLIG2,-18435166,+,80968,8.74419523762474,15,yes,SAMSN1-AS1 *,"SAMSN1-AS1 *
chr21+14590740"
chr22,39907187,39907187,1,+,PBMC,Illumina,GTSP4693,pin22,1300,hg38,D1,1,0,chr22+39907187,1,6.666666666666667,TRUE,GRAP2,+,FALSE,TRUE,0,ATF4,384500,+,BCR,16589149,+,80968,1.605572571880249,15,yes,GRAP2 *,"GRAP2 *
chr22+39907187"
chr4,55337941,55337941,1,-,PBMC,Illumina,GTSP4693,pin22,7249,hg38,D1,1,0,chr4-55337941,1,6.666666666666667,FALSE,SRD5A3,+,FALSE,FALSE,-8278,KDR,-212345,-,RAP1GDS1,-42923433,+,80968,8.952919671969173,15,yes,SRD5A3 ,"SRD5A3 
chr4-55337941"
chr5,160343530,160343530,1,-,PBMC,Illumina,GTSP4693,pin22,1,hg38,D1,1,0,chr5-160343530,1,6.666666666666667,FALSE,CCNJL,-,FALSE,TRUE,-3937,PTTG1,-78275,+,TLX3,-10965752,+,80968,0.0012350558245232683,15,yes,CCNJL ,"CCNJL 
chr5-160343530"
chr6,36547838,36547838,1,+,PBMC,Illumina,GTSP4693,pin22,4425,hg38,D1,1,0,chr6+36547838,2,13.333333333333334,FALSE,STK38,-,FALSE,FALSE,-321,SRSF3,-46473,+,BRD2,3566332,+,80968,5.465122023515463,15,yes,STK38 ~,"STK38 ~
chr6+36547838"
chr8,116877063,116877063,1,-,PBMC,Illumina,GTSP4693,pin22,189,hg38,D1,1,0,chr8-116877063,1,6.666666666666667,FALSE,RAD21-AS1,+,FALSE,FALSE,194,EXT1,922298,-,MYC,-10858369,+,80968,0.23342555083489774,15,yes,RAD21-AS1 ,"RAD21-AS1 
chr8-116877063"
chr8,29529188,29529188,1,-,PBMC,Illumina,GTSP4693,pin22,4237,hg38,D1,1,0,chr8-29529188,1,6.666666666666667,FALSE,DUSP4,-,FALSE,TRUE,-178437,WRN,-1504072,+,MYC,-98206244,+,80968,5.232931528505088,15,yes,DUSP4 ,"DUSP4 
chr8-29529188"
chrX,136621091,136621091,1,-,PBMC,Illumina,GTSP4693,pin22,21792,hg38,D1,1,0,chrX-136621091,1,6.666666666666667,FALSE,LINC00892,+,FALSE,FALSE,-18450,FGF13,2010480,-,MTCP1,18442941,-,80968,26.914336528011066,15,yes,LINC00892 ,"LINC00892 
chrX-136621091"
chrX,19844435,19844435,1,-,PBMC,Illumina,GTSP4693,pin22,18831,hg38,D1,1,0,chrX-19844435,1,6.666666666666667,TRUE,SH3KBP1,-,FALSE,TRUE,0,EIF1AX,280081,-,MTCP1,135219597,-,80968,23.25733623159767,15,yes,SH3KBP1 *,"SH3KBP1 *
chrX-19844435"
chr1,203788900,203788900,1,-,PBMC,Illumina,GTSP4702,pin22,1,hg38,W2,14,0,chr1-203788900,1,1.0309278350515463,FALSE,ZC3H11A,+,FALSE,FALSE,-6635,FMOD,-437470,-,PBX1,38902852,+,346565,2.885461601719735e-4,91,yes,ZC3H11A ,"ZC3H11A 
chr1-203788900"
chr1,38909665,38909665,1,-,PBMC,Illumina,GTSP4702,pin22,1,hg38,W2,14,0,chr1-38909665,1,1.0309278350515463,TRUE,RHBDL2,-,FALSE,TRUE,-0,MACF1,-174500,+,LCK,6623497,+,346565,2.885461601719735e-4,91,yes,RHBDL2 *,"RHBDL2 *
chr1-38909665"
chr1,40376410,40376410,1,-,PBMC,Illumina,GTSP4702,pin22,6351,hg38,W2,14,0,chr1-40376410,1,1.0309278350515463,TRUE,SMAP2,+,FALSE,FALSE,0,RLF,135488,+,TAL1,6839878,-,346565,1.8325566632522037,91,yes,SMAP2 *,"SMAP2 *
chr1-40376410"
chr1,41231945,41231945,1,-,PBMC,Illumina,GTSP4702,pin22,1,hg38,W2,14,0,chr1-41231945,1,1.0309278350515463,TRUE,SCMH1,-,FALSE,TRUE,0,HIVEP3,274418,-,TAL1,5984343,-,346565,2.885461601719735e-4,91,yes,SCMH1 *,"SCMH1 *
chr1-41231945"
chr1,160741969,160741969,1,+,PBMC,Illumina,GTSP4702,pin22,7,hg38,W2,14,0,chr1+160741969,1,1.0309278350515463,TRUE,SLAMF7,+,FALSE,TRUE,0,SLAMF6,-218706,-,PBX1,-3817389,+,346565,0.0020198231212038144,91,yes,SLAMF7 *,"SLAMF7 *
chr1+160741969"
chr10,114925685,114925685,1,-,PBMC,Illumina,GTSP4702,pin22,19150,hg38,W2,14,0,chr10-114925685,2,2.0618556701030926,FALSE,TRUB1,+,FALSE,FALSE,-12506,TCF7L2,1758006,+,NFKB2,12523155,+,346565,5.5256589672932925,91,yes,TRUB1 ,"TRUB1 
chr10-114925685"
chr10,119871826,119871826,1,+,PBMC,Illumina,GTSP4702,pin22,32313,hg38,W2,14,0,chr10+119871826,1,1.0309278350515463,TRUE,MCMBP,-,FALSE,FALSE,0,BAG3,194006,+,NFKB2,17469296,+,346565,9.32379207363698,91,yes,MCMBP *,"MCMBP *
chr10+119871826"
chr10,34498693,34498693,1,+,PBMC,Illumina,GTSP4702,pin22,1,hg38,W2,14,0,chr10+34498693,1,1.0309278350515463,TRUE,PARD3,-,FALSE,FALSE,0,MAP3K8,4036859,+,BMI1,12167207,+,346565,2.885461601719735e-4,91,yes,PARD3 *,"PARD3 *
chr10+34498693"
chr11,98916985,98916985,1,-,PBMC,Illumina,GTSP4702,pin22,1,hg38,W2,14,0,chr11-98916985,1,1.0309278350515463,FALSE,CNTN5,+,FALSE,FALSE,-103989,MAML2,-2573804,-,PICALM,-12847103,-,346565,2.885461601719735e-4,91,yes,CNTN5 ,"CNTN5 
chr11-98916985"
chr11,327600,327600,1,+,PBMC,Illumina,GTSP4702,pin22,5705,hg38,W2,14,0,chr11+327600,1,1.0309278350515463,FALSE,IFITM3,-,FALSE,FALSE,-6685,PGGHG,31911,+,NUP98,3347408,-,346565,1.6461558437811088,91,yes,IFITM3 ~,"IFITM3 ~
chr11+327600"
chr11,4789635,4789635,1,+,PBMC,Illumina,GTSP4702,pin22,1,hg38,W2,14,0,chr11+4789635,1,1.0309278350515463,FALSE,OR52R1,-,FALSE,FALSE,13796,RRM1,650709,+,NUP98,-991842,-,346565,2.885461601719735e-4,91,yes,OR52R1 ,"OR52R1 
chr11+4789635"
chr12,101407689,101407689,1,-,PBMC,Illumina,GTSP4702,pin22,613,hg38,W2,14,0,chr12-101407689,1,1.0309278350515463,TRUE,ARL1,-,TRUE,TRUE,0,SLC5A8,-197414,-,ETV6,89512286,+,346565,0.17687879618541977,91,yes,ARL1 *,"ARL1 *
chr12-101407689"
chr12,44739814,44739814,1,-,PBMC,Illumina,GTSP4702,pin22,1,hg38,W2,14,0,chr12-44739814,1,1.0309278350515463,TRUE,NELL2,-,FALSE,TRUE,0,ARID2,-989893,+,ETV6,32844411,+,346565,2.885461601719735e-4,91,yes,NELL2 *,"NELL2 *
chr12-44739814"
chr12,58109172,58109172,1,+,PBMC,Illumina,GTSP4702,pin22,1,hg38,W2,14,0,chr12+58109172,1,1.0309278350515463,FALSE,LINC02403,+,FALSE,TRUE,15809,CDK4,-356724,-,ETV6,46213769,+,346565,2.885461601719735e-4,91,yes,LINC02403 ,"LINC02403 
chr12+58109172"
chr13,46173067,46173067,1,-,PBMC,Illumina,GTSP4702,pin22,35,hg38,W2,14,0,chr13-46173067,1,1.0309278350515463,TRUE,LCP1,-,FALSE,TRUE,0,LCP1,0,-,CDX2,-18203698,-,346565,0.010099115606019072,91,yes,LCP1 *~,"LCP1 *~
chr13-46173067"
chr13,98062606,98062606,1,-,PBMC,Illumina,GTSP4702,pin22,1,hg38,W2,14,0,chr13-98062606,1,1.0309278350515463,FALSE,IPO5,+,FALSE,FALSE,38309,RAP2A,594607,+,CDX2,-70093237,-,346565,2.885461601719735e-4,91,yes,IPO5 ,"IPO5 
chr13-98062606"
chr13,24242014,24242014,1,+,PBMC,Illumina,GTSP4702,pin22,50160,hg38,W2,14,0,chr13+24242014,1,1.0309278350515463,TRUE,SPATA13,+,FALSE,TRUE,-0,FGF9,2537512,+,CDX2,3718902,-,346565,14.47347539422619,91,yes,SPATA13 *,"SPATA13 *
chr13+24242014"
chr14,100064575,100064575,1,-,PBMC,Illumina,GTSP4702,pin22,24,hg38,W2,14,0,chr14-100064575,1,1.0309278350515463,TRUE,EVL,+,FALSE,FALSE,-0,EVL,-0,+,BCL11B,-792861,-,346565,0.006925107844127363,91,yes,EVL *~,"EVL *~
chr14-100064575"
chr14,103598212,103598212,1,-,PBMC,Illumina,GTSP4702,pin22,21605,hg38,W2,14,0,chr14-103598212,1,1.0309278350515463,FALSE,APOPT1,+,FALSE,FALSE,6024,XRCC3,99403,-,BCL11B,-4326498,-,346565,6.234039790515488,91,yes,APOPT1 ,"APOPT1 
chr14-103598212"
chr14,48625134,48625134,1,+,PBMC,Illumina,GTSP4702,pin22,1,hg38,W2,14,0,chr14+48625134,1,1.0309278350515463,FALSE,LINC00648,-,FALSE,FALSE,-830119,ARF6,-1267882,+,TCL1A,47084831,-,346565,2.885461601719735e-4,91,yes,LINC00648 ,"LINC00648 
chr14+48625134"
chr14,76325059,76325059,1,+,PBMC,Illumina,GTSP4702,pin22,1,hg38,W2,14,0,chr14+76325059,1,1.0309278350515463,FALSE,ESRRB,+,FALSE,TRUE,-46286,TGFB3,-342047,-,TCL1A,19384906,-,346565,2.885461601719735e-4,91,yes,ESRRB ,"ESRRB 
chr14+76325059"
chr15,101198857,101198857,1,+,PBMC,Illumina,GTSP4702,pin22,3767,hg38,W2,14,0,chr15+101198857,1,1.0309278350515463,TRUE,CHSY1,-,FALSE,FALSE,-0,IGF1R,2234326,+,None.found,Inf,None.found,346565,1.0869533853678242,91,yes,CHSY1 *,"CHSY1 *
chr15+101198857"
chr16,23871655,23871655,1,-,PBMC,Illumina,GTSP4702,pin22,31418,hg38,W2,14,0,chr16-23871655,1,1.0309278350515463,TRUE,PRKCB,+,FALSE,FALSE,0,PLK1,181287,+,None.found,Inf,None.found,346565,9.065543260283064,91,yes,PRKCB *,"PRKCB *
chr16-23871655"
chr16,25758793,25758793,1,-,PBMC,Illumina,GTSP4702,pin22,1,hg38,W2,14,0,chr16-25758793,1,1.0309278350515463,TRUE,HS3ST4,+,FALSE,FALSE,0,RBBP6,1185929,+,None.found,Inf,None.found,346565,2.885461601719735e-4,91,yes,HS3ST4 *,"HS3ST4 *
chr16-25758793"
chr16,84549250,84549250,1,-,PBMC,Illumina,GTSP4702,pin22,12519,hg38,W2,14,0,chr16-84549250,1,1.0309278350515463,FALSE,COTL1,-,FALSE,TRUE,16344,COTL1,16344,-,None.found,Inf,None.found,346565,3.6123093791929364,91,yes,COTL1 ~,"COTL1 ~
chr16-84549250"
chr16,3950026,3950026,1,+,PBMC,Illumina,GTSP4702,pin22,1,hg38,W2,14,0,chr16+3950026,1,1.0309278350515463,TRUE,LOC102724927,-,FALSE,FALSE,0,CREBBP,-69905,-,None.found,Inf,None.found,346565,2.885461601719735e-4,91,yes,LOC102724927 *,"LOC102724927 *
chr16+3950026"
chr17,21638035,21638035,1,-,PBMC,Illumina,GTSP4702,pin22,2,hg38,W2,14,0,chr17-21638035,1,1.0309278350515463,FALSE,KCNJ18,+,FALSE,FALSE,-54486,SPECC1,1323275,+,None.found,Inf,None.found,346565,5.77092320343947e-4,91,yes,KCNJ18 ,"KCNJ18 
chr17-21638035"
chr17,39938909,39938909,1,-,PBMC,Illumina,GTSP4702,pin22,1,hg38,W2,14,0,chr17-39938909,1,1.0309278350515463,FALSE,LRRC3C,+,FALSE,FALSE,-2563,GSDMA,-24062,+,None.found,Inf,None.found,346565,2.885461601719735e-4,91,yes,LRRC3C ~,"LRRC3C ~
chr17-39938909"
chr17,66513015,66513015,1,-,PBMC,Illumina,GTSP4702,pin22,11465,hg38,W2,14,0,chr17-66513015,1,1.0309278350515463,TRUE,PRKCA,+,FALSE,FALSE,0,AXIN2,-951392,-,None.found,Inf,None.found,346565,3.3081817263716764,91,yes,PRKCA *,"PRKCA *
chr17-66513015"
chr17,51225873,51225873,1,+,PBMC,Illumina,GTSP4702,pin22,4,hg38,W2,14,0,chr17+51225873,1,1.0309278350515463,TRUE,MBTD1,-,FALSE,FALSE,0,COL1A1,-1024233,-,None.found,Inf,None.found,346565,0.001154184640687894,91,yes,MBTD1 *,"MBTD1 *
chr17+51225873"
chr18,35158780,35158780,1,-,PBMC,Illumina,GTSP4702,pin22,17,hg38,W2,14,0,chr18-35158780,1,1.0309278350515463,FALSE,MAPRE2,+,FALSE,FALSE,15309,SLC39A6,949749,-,BCL2,27964564,-,346565,0.004905284722923549,91,yes,MAPRE2 ,"MAPRE2 
chr18-35158780"
chr18,58885777,58885777,1,-,PBMC,Illumina,GTSP4702,pin22,4,hg38,W2,14,0,chr18-58885777,1,1.0309278350515463,TRUE,ZNF532,+,FALSE,FALSE,0,MALT1,135637,+,BCL2,4237567,-,346565,0.001154184640687894,91,yes,ZNF532 *,"ZNF532 *
chr18-58885777"
chr18,50878324,50878324,1,+,PBMC,Illumina,GTSP4702,pin22,19176,hg38,W2,14,0,chr18+50878324,2,2.0618556701030926,FALSE,ME2,+,FALSE,TRUE,-736,MAPK4,146497,+,BCL2,12245020,-,346565,5.533161167457764,91,yes,ME2 ,"ME2 
chr18+50878324"
chr19,6738189,6738189,1,-,PBMC,Illumina,GTSP4702,pin22,47,hg38,W2,14,0,chr19-6738189,1,1.0309278350515463,FALSE,GPR108,-,FALSE,TRUE,-566,VAV1,-34477,+,TCF3,-5085859,-,346565,0.013561669528082753,91,yes,GPR108 ~,"GPR108 ~
chr19-6738189"
chr19,35477692,35477692,1,+,PBMC,Illumina,GTSP4702,pin22,2,hg38,W2,14,0,chr19+35477692,1,1.0309278350515463,FALSE,KRTDAP,-,FALSE,FALSE,9630,FXYD5,307806,+,JUND,-17196035,-,346565,5.77092320343947e-4,91,yes,KRTDAP ,"KRTDAP 
chr19+35477692"
chr19,39400829,39400829,1,+,PBMC,Illumina,GTSP4702,pin22,4130,hg38,W2,14,0,chr19+39400829,2,2.0618556701030926,FALSE,MED29,+,FALSE,TRUE,191,ZFP36,-6016,+,JUND,-21119172,-,346565,1.1916956415102506,91,yes,MED29 ~,"MED29 ~
chr19+39400829"
chr19,54519609,54519609,1,+,PBMC,Illumina,GTSP4702,pin22,9777,hg38,W2,14,0,chr19+54519609,2,2.0618556701030926,FALSE,LAIR2,+,FALSE,TRUE,8918,TFPT,-403933,-,JUND,-36237952,-,346565,2.821115808001385,91,yes,LAIR2 ,"LAIR2 
chr19+54519609"
chr2,222186153,222186153,1,-,PBMC,Illumina,GTSP4702,pin22,1,hg38,W2,14,0,chr2-222186153,1,1.0309278350515463,FALSE,PAX3,-,FALSE,TRUE,13732,PAX3,13732,-,BCL11A,-161632654,-,346565,2.885461601719735e-4,91,yes,PAX3 ~,"PAX3 ~
chr2-222186153"
chr2,25773953,25773953,1,-,PBMC,Illumina,GTSP4702,pin22,2,hg38,W2,14,0,chr2-25773953,1,1.0309278350515463,TRUE,ASXL2,-,FALSE,TRUE,-0,DNMT3A,-431362,-,BCL11A,34677212,-,346565,5.77092320343947e-4,91,yes,ASXL2 *,"ASXL2 *
chr2-25773953"
chr2,31081,31081,1,-,PBMC,Illumina,GTSP4702,pin22,73,hg38,W2,14,0,chr2-31081,1,1.0309278350515463,FALSE,FAM110C,-,FALSE,TRUE,7731,SOX11,-5661584,+,BCL11A,60420084,-,346565,0.021063869692554065,91,yes,FAM110C ,"FAM110C 
chr2-31081"
chr2,59551266,59551266,1,-,PBMC,Illumina,GTSP4702,pin22,1,hg38,W2,14,0,chr2-59551266,1,1.0309278350515463,FALSE,LINC01793,+,FALSE,FALSE,271865,BCL11A,899899,-,BCL11A,899899,-,346565,2.885461601719735e-4,91,yes,LINC01793 ,"LINC01793 
chr2-59551266"
chr2,127293984,127293984,1,+,PBMC,Illumina,GTSP4702,pin22,26,hg38,W2,14,0,chr2+127293984,1,1.0309278350515463,TRUE,ERCC3,-,TRUE,FALSE,0,ERCC3,0,-,BCL11A,-66740485,-,346565,0.00750220016447131,91,yes,ERCC3 *~,"ERCC3 *~
chr2+127293984"
chr2,27081863,27081863,1,+,PBMC,Illumina,GTSP4702,pin22,3,hg38,W2,14,0,chr2+27081863,1,1.0309278350515463,TRUE,EMILIN1,+,FALSE,TRUE,0,OTOF,-523164,-,BCL11A,33369302,-,346565,8.656384805159204e-4,91,yes,EMILIN1 *,"EMILIN1 *
chr2+27081863"
chr2,29594609,29594609,1,+,PBMC,Illumina,GTSP4702,pin22,1,hg38,W2,14,0,chr2+29594609,1,1.0309278350515463,TRUE,ALK,-,FALSE,FALSE,0,ALK,0,-,BCL11A,30856556,-,346565,2.885461601719735e-4,91,yes,ALK *~,"ALK *~
chr2+29594609"
chr2,74585091,74585091,1,+,PBMC,Illumina,GTSP4702,pin22,3267,hg38,W2,14,0,chr2+74585091,1,1.0309278350515463,TRUE,M1AP,-,FALSE,FALSE,-0,M1AP,-0,-,BCL11A,-14031592,-,346565,0.9426803052818374,91,yes,M1AP *~,"M1AP *~
chr2+74585091"
chr2,86104628,86104628,1,+,PBMC,Illumina,GTSP4702,pin22,1,hg38,W2,14,0,chr2+86104628,1,1.0309278350515463,TRUE,POLR1A,-,FALSE,FALSE,0,KDM3A,-336518,+,BCL11A,-25551129,-,346565,2.885461601719735e-4,91,yes,POLR1A *,"POLR1A *
chr2+86104628"
chr20,35093534,35093534,1,-,PBMC,Illumina,GTSP4702,pin22,11613,hg38,W2,14,0,chr20-35093534,1,1.0309278350515463,FALSE,TRPC4AP,-,FALSE,TRUE,-718,NCOA6,-267884,-,None.found,Inf,None.found,346565,3.3508865580771285,91,yes,TRPC4AP ,"TRPC4AP 
chr20-35093534"
chr21,37367102,37367102,1,-,PBMC,Illumina,GTSP4702,pin22,1258,hg38,W2,14,0,chr21-37367102,2,2.0618556701030926,TRUE,DYRK1A,+,TRUE,FALSE,0,DYRK1A,0,+,RUNX1,-2317803,-,346565,0.3629910694963427,91,yes,DYRK1A *~,"DYRK1A *~
chr21-37367102"
chr21,18276854,18276854,1,+,PBMC,Illumina,GTSP4702,pin22,1,hg38,W2,14,0,chr21+18276854,1,1.0309278350515463,TRUE,TMPRSS15,-,FALSE,FALSE,-0,MIR125B2,1686528,+,OLIG2,-14749052,+,346565,2.885461601719735e-4,91,yes,TMPRSS15 *,"TMPRSS15 *
chr21+18276854"
chr3,128799107,128799107,1,-,PBMC,Illumina,GTSP4702,pin22,1408,hg38,W2,14,0,chr3-128799107,1,1.0309278350515463,TRUE,RAB7A,+,FALSE,FALSE,-0,RPN1,-148230,-,None.found,Inf,None.found,346565,0.40627299352213864,91,yes,RAB7A *,"RAB7A *
chr3-128799107"
chr3,27453927,27453927,1,-,PBMC,Illumina,GTSP4702,pin22,15964,hg38,W2,14,0,chr3-27453927,2,2.0618556701030926,TRUE,SLC4A7,-,FALSE,TRUE,0,TOP2B,-1789427,-,None.found,Inf,None.found,346565,4.606350900985385,91,yes,SLC4A7 *,"SLC4A7 *
chr3-27453927"
chr3,46268488,46268488,1,-,PBMC,Illumina,GTSP4702,pin22,2,hg38,W2,14,0,chr3-46268488,1,1.0309278350515463,FALSE,CCR3,+,FALSE,FALSE,1781,CCR1,-60146,-,None.found,Inf,None.found,346565,5.77092320343947e-4,91,yes,CCR3 ,"CCR3 
chr3-46268488"
chr3,114223871,114223871,1,+,PBMC,Illumina,GTSP4702,pin22,573,hg38,W2,14,0,chr3+114223871,1,1.0309278350515463,FALSE,ZNF80,-,FALSE,FALSE,10758,CD200,1861058,+,None.found,Inf,None.found,346565,0.16533694977854083,91,yes,ZNF80 ,"ZNF80 
chr3+114223871"
chr3,158377754,158377754,1,+,PBMC,Illumina,GTSP4702,pin22,21,hg38,W2,14,0,chr3+158377754,1,1.0309278350515463,TRUE,RSRC1,+,FALSE,TRUE,-0,MLF1,-193408,+,None.found,Inf,None.found,346565,0.0060594693636114435,91,yes,RSRC1 *,"RSRC1 *
chr3+158377754"
chr3,63949493,63949493,1,+,PBMC,Illumina,GTSP4702,pin22,4,hg38,W2,14,0,chr3+63949493,1,1.0309278350515463,TRUE,ATXN7,+,FALSE,TRUE,-0,PTPRG,1654594,+,None.found,Inf,None.found,346565,0.001154184640687894,91,yes,ATXN7 *,"ATXN7 *
chr3+63949493"
chr4,101989280,101989280,1,-,PBMC,Illumina,GTSP4702,pin22,1,hg38,W2,14,0,chr4-101989280,1,1.0309278350515463,TRUE,BANK1,+,FALSE,FALSE,-0,NFKB1,-512047,+,RAP1GDS1,3545418,+,346565,2.885461601719735e-4,91,yes,BANK1 *,"BANK1 *
chr4-101989280"
chr4,149646907,149646907,1,-,PBMC,Illumina,GTSP4702,pin22,1,hg38,W2,14,0,chr4-149646907,1,1.0309278350515463,FALSE,LINC02355,+,FALSE,FALSE,368783,LRBA,617750,-,RAP1GDS1,51203045,+,346565,2.885461601719735e-4,91,yes,LINC02355 ,"LINC02355 
chr4-149646907"
chr4,21506026,21506026,1,-,PBMC,Illumina,GTSP4702,pin22,1,hg38,W2,14,0,chr4-21506026,1,1.0309278350515463,TRUE,KCNIP4,-,FALSE,TRUE,0,SLC34A2,-4149785,+,RAP1GDS1,-76755348,+,346565,2.885461601719735e-4,91,yes,KCNIP4 *,"KCNIP4 *
chr4-21506026"
chr4,169432868,169432868,1,+,PBMC,Illumina,GTSP4702,pin22,1,hg38,W2,14,0,chr4+169432868,1,1.0309278350515463,TRUE,NEK1,-,FALSE,FALSE,-0,ADAM29,-5485488,+,RAP1GDS1,70989006,+,346565,2.885461601719735e-4,91,yes,NEK1 *,"NEK1 *
chr4+169432868"
chr4,38241227,38241227,1,+,PBMC,Illumina,GTSP4702,pin22,1,hg38,W2,14,0,chr4+38241227,1,1.0309278350515463,FALSE,TBC1D1,+,FALSE,TRUE,102051,KLF3,-422940,+,RAP1GDS1,-60020147,+,346565,2.885461601719735e-4,91,yes,TBC1D1 ,"TBC1D1 
chr4+38241227"
chr4,70814844,70814844,1,+,PBMC,Illumina,GTSP4702,pin22,1,hg38,W2,14,0,chr4+70814844,1,1.0309278350515463,FALSE,GRSF1,-,FALSE,FALSE,936,UTP3,124292,+,RAP1GDS1,-27446530,+,346565,2.885461601719735e-4,91,yes,GRSF1 ,"GRSF1 
chr4+70814844"
chr4,76841817,76841817,1,+,PBMC,Illumina,GTSP4702,pin22,1,hg38,W2,14,0,chr4+76841817,1,1.0309278350515463,FALSE,SOWAHB,-,FALSE,FALSE,52333,CXCL10,-818280,-,RAP1GDS1,-21419557,+,346565,2.885461601719735e-4,91,yes,SOWAHB ,"SOWAHB 
chr4+76841817"
chr5,16692343,16692343,1,-,PBMC,Illumina,GTSP4702,pin22,1,hg38,W2,14,0,chr5-16692343,1,1.0309278350515463,TRUE,MYO10,-,FALSE,TRUE,-0,FBXL7,752546,+,TLX3,-154616939,+,346565,2.885461601719735e-4,91,yes,MYO10 *,"MYO10 *
chr5-16692343"
chr5,31788294,31788294,1,-,PBMC,Illumina,GTSP4702,pin22,1,hg38,W2,14,0,chr5-31788294,1,1.0309278350515463,TRUE,PDZD2,+,FALSE,FALSE,0,PRLR,3260460,-,TLX3,-139520988,+,346565,2.885461601719735e-4,91,yes,PDZD2 *,"PDZD2 *
chr5-31788294"
chr5,40790641,40790641,1,-,PBMC,Illumina,GTSP4702,pin22,1,hg38,W2,14,0,chr5-40790641,1,1.0309278350515463,TRUE,PRKAA1,-,FALSE,TRUE,0,DAB2,-1365407,-,TLX3,-130518641,+,346565,2.885461601719735e-4,91,yes,PRKAA1 *,"PRKAA1 *
chr5-40790641"
chr5,87082204,87082204,1,-,PBMC,Illumina,GTSP4702,pin22,27948,hg38,W2,14,0,chr5-87082204,1,1.0309278350515463,FALSE,MIR4280,-,FALSE,TRUE,32673,RASA1,-186047,+,TLX3,-84227078,+,346565,8.064288084486314,91,yes,MIR4280 ,"MIR4280 
chr5-87082204"
chr5,61275810,61275810,1,+,PBMC,Illumina,GTSP4702,pin22,4,hg38,W2,14,0,chr5+61275810,1,1.0309278350515463,FALSE,LINC02057,-,FALSE,FALSE,-10880,ERCC8,-330731,-,TLX3,-110033472,+,346565,0.001154184640687894,91,yes,LINC02057 ,"LINC02057 
chr5+61275810"
chr6,134891038,134891038,1,-,PBMC,Illumina,GTSP4702,pin22,1,hg38,W2,14,0,chr6-134891038,1,1.0309278350515463,FALSE,ALDH8A1,-,FALSE,TRUE,26350,MYB,-290275,+,NKAIN2,10065397,+,346565,2.885461601719735e-4,91,yes,ALDH8A1 ,"ALDH8A1 
chr6-134891038"
chr6,18741480,18741480,1,-,PBMC,Illumina,GTSP4702,pin22,1,hg38,W2,14,0,chr6-18741480,1,1.0309278350515463,FALSE,MIR548A1HG,+,FALSE,FALSE,18581,DEK,-476911,-,BRD2,-14227178,+,346565,2.885461601719735e-4,91,yes,MIR548A1HG ,"MIR548A1HG 
chr6-18741480"
chr6,141483349,141483349,1,+,PBMC,Illumina,GTSP4702,pin22,25682,hg38,W2,14,0,chr6+141483349,3,3.0927835051546393,FALSE,NMBR,-,FALSE,FALSE,591133,CITED2,-2108698,-,NKAIN2,16657708,+,346565,7.410442485536624,91,yes,NMBR ,"NMBR 
chr6+141483349"
chr7,74131713,74131713,1,+,PBMC,Illumina,GTSP4702,pin22,1,hg38,W2,14,0,chr7+74131713,1,1.0309278350515463,FALSE,LIMK1,+,FALSE,TRUE,9187,LIMK1,9187,+,None.found,Inf,None.found,346565,2.885461601719735e-4,91,yes,LIMK1 ~,"LIMK1 ~
chr7+74131713"
chr8,100436841,100436841,1,-,PBMC,Illumina,GTSP4702,pin22,15175,hg38,W2,14,0,chr8-100436841,1,1.0309278350515463,FALSE,MIR4471,+,FALSE,FALSE,53995,COX6C,-542826,-,MYC,-27298591,+,346565,4.3786879806096985,91,yes,MIR4471 ,"MIR4471 
chr8-100436841"
chr8,28370000,28370000,1,-,PBMC,Illumina,GTSP4702,pin22,1,hg38,W2,14,0,chr8-28370000,1,1.0309278350515463,TRUE,ZNF395,-,FALSE,TRUE,0,CLU,-755188,-,MYC,-99365432,+,346565,2.885461601719735e-4,91,yes,ZNF395 *,"ZNF395 *
chr8-28370000"
chr8,70471493,70471493,1,-,PBMC,Illumina,GTSP4702,pin22,150,hg38,W2,14,0,chr8-70471493,1,1.0309278350515463,TRUE,LOC101926892,+,TRUE,FALSE,0,NCOA2,-67254,-,MYC,-57263939,+,346565,0.043281924025796024,91,yes,LOC101926892 *,"LOC101926892 *
chr8-70471493"
chr8,103339160,103339160,1,+,PBMC,Illumina,GTSP4702,pin22,155,hg38,W2,14,0,chr8+103339160,1,1.0309278350515463,FALSE,FZD6,+,FALSE,TRUE,6293,CTHRC1,-32353,+,MYC,-24396272,+,346565,0.04472465482665589,91,yes,FZD6 ~,"FZD6 ~
chr8+103339160"
chr8,144407009,144407009,1,+,PBMC,Illumina,GTSP4702,pin22,1,hg38,W2,14,0,chr8+144407009,1,1.0309278350515463,TRUE,CPSF1,-,FALSE,FALSE,0,RECQL4,104273,-,MYC,16664057,+,346565,2.885461601719735e-4,91,yes,CPSF1 *,"CPSF1 *
chr8+144407009"
chr8,32843582,32843582,1,+,PBMC,Illumina,GTSP4702,pin22,1,hg38,W2,14,0,chr8+32843582,1,1.0309278350515463,FALSE,NRG1,+,FALSE,TRUE,75624,WRN,1667710,+,MYC,-94891850,+,346565,2.885461601719735e-4,91,yes,NRG1 ,"NRG1 
chr8+32843582"
chr8,37892381,37892381,1,+,PBMC,Illumina,GTSP4702,pin22,9,hg38,W2,14,0,chr8+37892381,1,1.0309278350515463,TRUE,RAB11FIP1,-,FALSE,FALSE,0,EIF4EBP1,-138119,+,MYC,-89843051,+,346565,0.0025969154415477614,91,yes,RAB11FIP1 *,"RAB11FIP1 *
chr8+37892381"
chr9,94871944,94871944,1,-,PBMC,Illumina,GTSP4702,pin22,14891,hg38,W2,14,0,chr9-94871944,1,1.0309278350515463,TRUE,C9orf3,+,FALSE,FALSE,0,FANCC,227108,-,TAL2,-10790511,+,346565,4.296740871120858,91,yes,C9orf3 *,"C9orf3 *
chr9-94871944"
chr9,27346912,27346912,1,+,PBMC,Illumina,GTSP4702,pin22,1,hg38,W2,14,0,chr9+27346912,1,1.0309278350515463,TRUE,MOB3B,-,FALSE,FALSE,-0,TEK,116733,+,JAK2,22218728,+,346565,2.885461601719735e-4,91,yes,MOB3B *,"MOB3B *
chr9+27346912"
chrX,112409644,112409644,1,-,PBMC,Illumina,GTSP4702,pin22,1,hg38,W2,14,0,chrX-112409644,1,1.0309278350515463,TRUE,RTL4,+,FALSE,FALSE,-0,AMOT,365231,-,MTCP1,42654388,-,346565,2.885461601719735e-4,91,yes,RTL4 *,"RTL4 *
chrX-112409644"
chrX,131986109,131986109,1,-,PBMC,Illumina,GTSP4702,pin22,8,hg38,W2,14,0,chrX-131986109,1,1.0309278350515463,FALSE,STK26,+,FALSE,FALSE,-37106,GPC3,1549634,-,MTCP1,23077923,-,346565,0.002308369281375788,91,yes,STK26 ,"STK26 
chrX-131986109"
chrX,131846800,131846800,1,+,PBMC,Illumina,GTSP4702,pin22,1,hg38,W2,14,0,chrX+131846800,1,1.0309278350515463,FALSE,FIRRE,-,FALSE,FALSE,-16156,AIFM1,-1680912,-,MTCP1,23217232,-,346565,2.885461601719735e-4,91,yes,FIRRE ,"FIRRE 
chrX+131846800"
chr1,100356682,100356682,1,-,PBMC,Illumina,GTSP4711,pin22,1,hg38,W8,56,2,chr1-100356682,1,0.5780346820809248,TRUE,CDC14A,+,FALSE,FALSE,0,COL11A1,2519783,-,STIL,-53042534,-,303850,3.291097581043278e-4,133,yes,CDC14A *,"CDC14A *
chr1-100356682"
chr1,11619992,11619992,1,-,PBMC,Illumina,GTSP4711,pin22,1,hg38,W8,56,2,chr1-11619992,1,0.5780346820809248,FALSE,LINC01647,+,FALSE,FALSE,6636,MTHFR,165736,-,LCK,-20631245,+,303850,3.291097581043278e-4,133,yes,LINC01647 ,"LINC01647 
chr1-11619992"
chr1,235872625,235872625,1,-,PBMC,Illumina,GTSP4711,pin22,9,hg38,W8,56,2,chr1-235872625,1,0.5780346820809248,TRUE,LYST,-,FALSE,TRUE,0,RBM34,-711008,-,PBX1,70986577,+,303850,0.00296198782293895,133,yes,LYST *,"LYST *
chr1-235872625"
chr1,248610838,248610838,1,-,PBMC,Illumina,GTSP4711,pin22,36,hg38,W8,56,2,chr1-248610838,1,0.5780346820809248,FALSE,OR2T11,-,FALSE,TRUE,15338,SMYD3,-2103495,-,PBX1,83724790,+,303850,0.0118479512917558,133,yes,OR2T11 ,"OR2T11 
chr1-248610838"
chr1,26435279,26435279,1,-,PBMC,Illumina,GTSP4711,pin22,3,hg38,W8,56,2,chr1-26435279,1,0.5780346820809248,TRUE,DHDDS,+,FALSE,FALSE,0,RPS6KA1,-94477,+,LCK,-5815958,+,303850,9.873292743129835e-4,133,yes,DHDDS *,"DHDDS *
chr1-26435279"
chr1,41656672,41656672,1,-,PBMC,Illumina,GTSP4711,pin22,28130,hg38,W8,56,2,chr1-41656672,4,2.312138728323699,TRUE,HIVEP3,-,FALSE,TRUE,-0,HIVEP3,-0,-,TAL1,5559616,-,303850,9.25785749547474,133,yes,HIVEP3 *~,"HIVEP3 *~
chr1-41656672"
chr1,6038584,6038584,1,-,PBMC,Illumina,GTSP4711,pin22,1,hg38,W8,56,2,chr1-6038584,1,0.5780346820809248,TRUE,KCNAB2,+,FALSE,FALSE,0,CHD5,63201,-,LCK,-26212653,+,303850,3.291097581043278e-4,133,yes,KCNAB2 *,"KCNAB2 *
chr1-6038584"
chr1,66229278,66229278,1,-,PBMC,Illumina,GTSP4711,pin22,1,hg38,W8,56,2,chr1-66229278,1,0.5780346820809248,TRUE,PDE4B,+,FALSE,FALSE,-0,MIER1,-695615,+,STIL,-18915130,-,303850,3.291097581043278e-4,133,yes,PDE4B *,"PDE4B *
chr1-66229278"
chr1,19787946,19787946,1,+,PBMC,Illumina,GTSP4711,pin22,1,hg38,W8,56,2,chr1+19787946,1,0.5780346820809248,TRUE,TMCO4,-,FALSE,FALSE,0,NBL1,129489,+,LCK,-12463291,+,303850,3.291097581043278e-4,133,yes,TMCO4 *,"TMCO4 *
chr1+19787946"
chr1,28288087,28288087,1,+,PBMC,Illumina,GTSP4711,pin22,1,hg38,W8,56,2,chr1+28288087,1,0.5780346820809248,FALSE,SESN2,+,FALSE,TRUE,5595,RPA2,-373289,-,LCK,-3963150,+,303850,3.291097581043278e-4,133,yes,SESN2 ,"SESN2 
chr1+28288087"
chr1,40939431,40939431,1,+,PBMC,Illumina,GTSP4711,pin22,1,hg38,W8,56,2,chr1+40939431,1,0.5780346820809248,FALSE,CTPS1,+,FALSE,TRUE,-39866,CITED4,-77084,-,TAL1,6276857,-,303850,3.291097581043278e-4,133,yes,CTPS1 ,"CTPS1 
chr1+40939431"
chr10,104272881,104272881,1,-,PBMC,Illumina,GTSP4711,pin22,1,hg38,W8,56,2,chr10-104272881,1,0.5780346820809248,TRUE,GSTO2,+,FALSE,FALSE,0,SUFU,1639423,+,NFKB2,1870351,+,303850,3.291097581043278e-4,133,yes,GSTO2 *,"GSTO2 *
chr10-104272881"
chr10,112694035,112694035,1,-,PBMC,Illumina,GTSP4711,pin22,1,hg38,W8,56,2,chr10-112694035,1,0.5780346820809248,TRUE,VTI1A,+,FALSE,FALSE,-0,VTI1A,-0,+,NFKB2,10291505,+,303850,3.291097581043278e-4,133,yes,VTI1A *~,"VTI1A *~
chr10-112694035"
chr10,11146184,11146184,1,+,PBMC,Illumina,GTSP4711,pin22,23048,hg38,W8,56,2,chr10+11146184,1,0.5780346820809248,TRUE,CELF2,+,FALSE,TRUE,-0,GATA3,3070982,+,KLF6,-7360902,-,303850,7.585321704788547,133,yes,CELF2 *,"CELF2 *
chr10+11146184"
chr10,14726182,14726182,1,+,PBMC,Illumina,GTSP4711,pin22,1,hg38,W8,56,2,chr10+14726182,1,0.5780346820809248,TRUE,FAM107B,-,FALSE,FALSE,0,CUBN,2097782,-,MLLT10,-6807165,+,303850,3.291097581043278e-4,133,yes,FAM107B *,"FAM107B *
chr10+14726182"
chr10,24397279,24397279,1,+,PBMC,Illumina,GTSP4711,pin22,1,hg38,W8,56,2,chr10+24397279,1,0.5780346820809248,TRUE,KIAA1217,+,FALSE,TRUE,-0,BMI1,2065793,+,BMI1,2065793,+,303850,3.291097581043278e-4,133,yes,KIAA1217 *,"KIAA1217 *
chr10+24397279"
chr10,30142390,30142390,1,+,PBMC,Illumina,GTSP4711,pin22,1,hg38,W8,56,2,chr10+30142390,1,0.5780346820809248,FALSE,JCAD,-,FALSE,FALSE,-26895,MAP3K8,-291629,+,BMI1,7810904,+,303850,3.291097581043278e-4,133,yes,JCAD ,"JCAD 
chr10+30142390"
chr10,30550664,30550664,1,+,PBMC,Illumina,GTSP4711,pin22,1,hg38,W8,56,2,chr10+30550664,1,0.5780346820809248,FALSE,LYZL2,-,FALSE,FALSE,61113,MAP3K8,88830,+,BMI1,8219178,+,303850,3.291097581043278e-4,133,yes,LYZL2 ,"LYZL2 
chr10+30550664"
chr10,5657896,5657896,1,+,PBMC,Illumina,GTSP4711,pin22,1,hg38,W8,56,2,chr10+5657896,1,0.5780346820809248,TRUE,ASB13,-,FALSE,FALSE,0,NET1,198839,+,KLF6,-1872614,-,303850,3.291097581043278e-4,133,yes,ASB13 *,"ASB13 *
chr10+5657896"
chr10,99972460,99972460,1,+,PBMC,Illumina,GTSP4711,pin22,1,hg38,W8,56,2,chr10+99972460,1,0.5780346820809248,TRUE,DNMBP,-,FALSE,FALSE,0,PAX2,-763247,+,TLX1,-1158842,+,303850,3.291097581043278e-4,133,yes,DNMBP *,"DNMBP *
chr10+99972460"
chr11,2153575,2153575,1,-,PBMC,Illumina,GTSP4711,pin22,1,hg38,W8,56,2,chr11-2153575,1,0.5780346820809248,TRUE,INS-IGF2,-,FALSE,TRUE,0,IGF2,-3971,-,NUP98,1521433,-,303850,3.291097581043278e-4,133,yes,INS-IGF2 *~,"INS-IGF2 *~
chr11-2153575"
chr11,46358100,46358100,1,-,PBMC,Illumina,GTSP4711,pin22,313,hg38,W8,56,2,chr11-46358100,1,0.5780346820809248,TRUE,DGKZ,+,FALSE,FALSE,-0,MDK,-22682,+,LMO2,-12465810,-,303850,0.1030113542866546,133,yes,DGKZ *~,"DGKZ *~
chr11-46358100"
chr11,61660241,61660241,1,-,PBMC,Illumina,GTSP4711,pin22,1,hg38,W8,56,2,chr11-61660241,1,0.5780346820809248,FALSE,DAGLA,+,FALSE,FALSE,-20190,FEN1,-132394,+,CCND1,-7980862,+,303850,3.291097581043278e-4,133,yes,DAGLA ,"DAGLA 
chr11-61660241"
chr11,2184056,2184056,1,+,PBMC,Illumina,GTSP4711,pin22,1,hg38,W8,56,2,chr11+2184056,1,0.5780346820809248,FALSE,MIR4686,+,FALSE,TRUE,10917,IGF2,-34452,-,NUP98,1490952,-,303850,3.291097581043278e-4,133,yes,MIR4686 ~,"MIR4686 ~
chr11+2184056"
chr11,47643366,47643366,1,+,PBMC,Illumina,GTSP4711,pin22,658,hg38,W8,56,2,chr11+47643366,1,0.5780346820809248,FALSE,MTCH2,-,FALSE,FALSE,-711,FNBP4,73126,-,LMO2,-13751076,-,303850,0.2165542208326477,133,yes,MTCH2 ,"MTCH2 
chr11+47643366"
chr11,67789604,67789604,1,+,PBMC,Illumina,GTSP4711,pin22,1,hg38,W8,56,2,chr11+67789604,1,0.5780346820809248,FALSE,FAM86C2P,-,FALSE,FALSE,2161,TCIRG1,-249389,+,CCND1,-1851499,+,303850,3.291097581043278e-4,133,yes,FAM86C2P ,"FAM86C2P 
chr11+67789604"
chr12,118538411,118538411,1,-,PBMC,Illumina,GTSP4711,pin22,2,hg38,W8,56,2,chr12-118538411,1,0.5780346820809248,FALSE,SUDS3,+,FALSE,FALSE,120375,PEBP1,392822,+,ETV6,106643008,+,303850,6.582195162086556e-4,133,yes,SUDS3 ,"SUDS3 
chr12-118538411"
chr12,93611506,93611506,1,-,PBMC,Illumina,GTSP4711,pin22,1,hg38,W8,56,2,chr12-93611506,1,0.5780346820809248,FALSE,SOCS2,+,FALSE,FALSE,34760,SOCS2,34760,+,ETV6,81716103,+,303850,3.291097581043278e-4,133,yes,SOCS2 ~,"SOCS2 ~
chr12-93611506"
chr12,129256746,129256746,1,+,PBMC,Illumina,GTSP4711,pin22,1,hg38,W8,56,2,chr12+129256746,1,0.5780346820809248,TRUE,TMEM132D,-,FALSE,FALSE,-0,RAN,-1615246,+,ETV6,117361343,+,303850,3.291097581043278e-4,133,yes,TMEM132D *,"TMEM132D *
chr12+129256746"
chr13,51085798,51085798,1,+,PBMC,Illumina,GTSP4711,pin22,1,hg38,W8,56,2,chr13+51085798,1,0.5780346820809248,TRUE,C13orf42,-,FALSE,FALSE,-0,INTS6,275765,-,CDX2,-23116429,-,303850,3.291097581043278e-4,133,yes,C13orf42 *,"C13orf42 *
chr13+51085798"
chr14,104484593,104484593,1,-,PBMC,Illumina,GTSP4711,pin22,1,hg38,W8,56,2,chr14-104484593,1,0.5780346820809248,FALSE,C14orf180,+,FALSE,FALSE,-95089,AKT1,284754,-,BCL11B,-5212879,-,303850,3.291097581043278e-4,133,yes,C14orf180 ,"C14orf180 
chr14-104484593"
chr14,19063213,19063213,1,-,PBMC,Illumina,GTSP4711,pin22,1,hg38,W8,56,2,chr14-19063213,1,0.5780346820809248,TRUE,LINC01296,+,FALSE,FALSE,0,CCNB1IP1,1248153,-,TCL1A,76646752,-,303850,3.291097581043278e-4,133,yes,LINC01296 *,"LINC01296 *
chr14-19063213"
chr14,72100333,72100333,1,-,PBMC,Illumina,GTSP4711,pin22,1,hg38,W8,56,2,chr14-72100333,1,0.5780346820809248,TRUE,RGS6,+,FALSE,FALSE,0,PNMA1,1611448,-,TCL1A,23609632,-,303850,3.291097581043278e-4,133,yes,RGS6 *,"RGS6 *
chr14-72100333"
chr14,74913385,74913385,1,-,PBMC,Illumina,GTSP4711,pin22,1,hg38,W8,56,2,chr14-74913385,1,0.5780346820809248,TRUE,RPS6KL1,-,FALSE,TRUE,0,DLST,9637,+,TCL1A,20796580,-,303850,3.291097581043278e-4,133,yes,RPS6KL1 *~,"RPS6KL1 *~
chr14-74913385"
chr14,75250089,75250089,1,+,PBMC,Illumina,GTSP4711,pin22,782,hg38,W8,56,2,chr14+75250089,1,0.5780346820809248,FALSE,FOS,+,FALSE,TRUE,-28687,FOS,-28687,+,TCL1A,20459876,-,303850,0.2573638308375843,133,yes,FOS ~,"FOS ~
chr14+75250089"
chr15,59389219,59389219,1,-,PBMC,Illumina,GTSP4711,pin22,1,hg38,W8,56,2,chr15-59389219,1,0.5780346820809248,FALSE,MYO1E,-,FALSE,TRUE,-16346,GCNT3,-222562,+,None.found,Inf,None.found,303850,3.291097581043278e-4,133,yes,MYO1E ,"MYO1E 
chr15-59389219"
chr15,90038861,90038861,1,+,PBMC,Illumina,GTSP4711,pin22,416,hg38,W8,56,2,chr15+90038861,1,0.5780346820809248,TRUE,ZNF710,+,FALSE,TRUE,0,IDH2,45115,-,None.found,Inf,None.found,303850,0.13690965937140037,133,yes,ZNF710 *~,"ZNF710 *~
chr15+90038861"
chr16,11964684,11964684,1,-,PBMC,Illumina,GTSP4711,pin22,1,hg38,W8,56,2,chr16-11964684,1,0.5780346820809248,FALSE,NPIPB2,-,FALSE,TRUE,-245,TNFRSF17,-421,+,None.found,Inf,None.found,303850,3.291097581043278e-4,133,yes,NPIPB2 ~,"NPIPB2 ~
chr16-11964684"
chr16,1538011,1538011,1,-,PBMC,Illumina,GTSP4711,pin22,38644,hg38,W8,56,2,chr16-1538011,2,1.1560693641618496,TRUE,"IFT140,TMEM204","-,+",FALSE,FALSE,-0,NME3,232307,-,None.found,Inf,None.found,303850,12.718117492183643,133,yes,"IFT140,TMEM204 *","IFT140,TMEM204 *
chr16-1538011"
chr16,25022779,25022779,1,-,PBMC,Illumina,GTSP4711,pin22,1,hg38,W8,56,2,chr16-25022779,1,0.5780346820809248,FALSE,ARHGAP17,-,FALSE,TRUE,-7400,RBBP6,449915,+,None.found,Inf,None.found,303850,3.291097581043278e-4,133,yes,ARHGAP17 ,"ARHGAP17 
chr16-25022779"
chr16,1504183,1504183,1,+,PBMC,Illumina,GTSP4711,pin22,1,hg38,W8,56,2,chr16+1504183,1,0.5780346820809248,TRUE,TELO2,+,FALSE,TRUE,-0,NME3,266135,-,None.found,Inf,None.found,303850,3.291097581043278e-4,133,yes,TELO2 *,"TELO2 *
chr16+1504183"
chr17,158873,158873,1,-,PBMC,Illumina,GTSP4711,pin22,1,hg38,W8,56,2,chr17-158873,1,0.5780346820809248,TRUE,DOC2B,-,FALSE,TRUE,-0,FAM57A,-573671,+,None.found,Inf,None.found,303850,3.291097581043278e-4,133,yes,DOC2B *,"DOC2B *
chr17-158873"
chr17,42247810,42247810,1,-,PBMC,Illumina,GTSP4711,pin22,22,hg38,W8,56,2,chr17-42247810,1,0.5780346820809248,TRUE,STAT5B,-,FALSE,TRUE,0,STAT5B,0,-,None.found,Inf,None.found,303850,0.007240414678295212,133,yes,STAT5B *~,"STAT5B *~
chr17-42247810"
chr17,42656524,42656524,1,-,PBMC,Illumina,GTSP4711,pin22,1,hg38,W8,56,2,chr17-42656524,1,0.5780346820809248,FALSE,TUBG2,+,FALSE,FALSE,-2722,STAT3,-268028,-,None.found,Inf,None.found,303850,3.291097581043278e-4,133,yes,TUBG2 ,"TUBG2 
chr17-42656524"
chr17,439662,439662,1,-,PBMC,Illumina,GTSP4711,pin22,1,hg38,W8,56,2,chr17-439662,1,0.5780346820809248,FALSE,RFLNB,-,FALSE,TRUE,314,FAM57A,-292882,+,None.found,Inf,None.found,303850,3.291097581043278e-4,133,yes,RFLNB ,"RFLNB 
chr17-439662"
chr17,44246446,44246446,1,-,PBMC,Illumina,GTSP4711,pin22,29887,hg38,W8,56,2,chr17-44246446,3,1.7341040462427744,FALSE,SLC4A1,-,FALSE,TRUE,1942,SLC4A1,1942,-,None.found,Inf,None.found,303850,9.836103340464044,133,yes,SLC4A1 ~,"SLC4A1 ~
chr17-44246446"
chr17,65308384,65308384,1,-,PBMC,Illumina,GTSP4711,pin22,1,hg38,W8,56,2,chr17-65308384,1,0.5780346820809248,FALSE,RGS9,+,FALSE,FALSE,80680,AXIN2,220177,-,None.found,Inf,None.found,303850,3.291097581043278e-4,133,yes,RGS9 ,"RGS9 
chr17-65308384"
chr17,74492217,74492217,1,-,PBMC,Illumina,GTSP4711,pin22,1,hg38,W8,56,2,chr17-74492217,1,0.5780346820809248,FALSE,CD300A,+,FALSE,FALSE,7418,SLC9A3R1,-256393,+,None.found,Inf,None.found,303850,3.291097581043278e-4,133,yes,CD300A ,"CD300A 
chr17-74492217"
chr17,81281603,81281603,1,-,PBMC,Illumina,GTSP4711,pin22,1,hg38,W8,56,2,chr17-81281603,1,0.5780346820809248,TRUE,SLC38A10,-,FALSE,TRUE,0,MAFG,636664,-,None.found,Inf,None.found,303850,3.291097581043278e-4,133,yes,SLC38A10 *,"SLC38A10 *
chr17-81281603"
chr17,19479465,19479465,1,+,PBMC,Illumina,GTSP4711,pin22,1,hg38,W8,56,2,chr17+19479465,1,0.5780346820809248,FALSE,SLC47A1,+,FALSE,TRUE,-54387,MAPK7,95920,+,None.found,Inf,None.found,303850,3.291097581043278e-4,133,yes,SLC47A1 ,"SLC47A1 
chr17+19479465"
chr17,3764818,3764818,1,+,PBMC,Illumina,GTSP4711,pin22,962,hg38,W8,56,2,chr17+3764818,1,0.5780346820809248,TRUE,ITGAE,-,FALSE,FALSE,0,TRPV1,-155406,-,None.found,Inf,None.found,303850,0.31660358729636334,133,yes,ITGAE *,"ITGAE *
chr17+3764818"
chr17,46473161,46473161,1,+,PBMC,Illumina,GTSP4711,pin22,2,hg38,W8,56,2,chr17+46473161,1,0.5780346820809248,FALSE,ARL17A,-,FALSE,FALSE,35516,WNT3,289343,-,None.found,Inf,None.found,303850,6.582195162086556e-4,133,yes,ARL17A ,"ARL17A 
chr17+46473161"
chr17,77439110,77439110,1,+,PBMC,Illumina,GTSP4711,pin22,39186,hg38,W8,56,2,chr17+77439110,3,1.7341040462427744,TRUE,SEPT9,+,FALSE,TRUE,-0,SEPT9,-0,+,None.found,Inf,None.found,303850,12.89649498107619,133,yes,SEPT9 *~,"SEPT9 *~
chr17+77439110"
chr18,2642254,2642254,1,-,PBMC,Illumina,GTSP4711,pin22,2715,hg38,W8,56,2,chr18-2642254,1,0.5780346820809248,FALSE,CBX3P2,-,FALSE,TRUE,9914,DLGAP1,853776,-,BCL2,60481090,-,303850,0.89353299325325,133,yes,CBX3P2 ,"CBX3P2 
chr18-2642254"
chr19,17216728,17216728,1,+,PBMC,Illumina,GTSP4711,pin22,1,hg38,W8,56,2,chr19+17216728,1,0.5780346820809248,TRUE,USE1,+,FALSE,TRUE,0,NR2F6,15155,-,JUND,1062964,-,303850,3.291097581043278e-4,133,yes,USE1 *~,"USE1 *~
chr19+17216728"
chr19,5009921,5009921,1,+,PBMC,Illumina,GTSP4711,pin22,1,hg38,W8,56,2,chr19+5009921,1,0.5780346820809248,TRUE,KDM4B,+,FALSE,TRUE,0,SH3GL1,-609352,-,TCF3,-3357591,-,303850,3.291097581043278e-4,133,yes,KDM4B *,"KDM4B *
chr19+5009921"
chr19,699941,699941,1,+,PBMC,Illumina,GTSP4711,pin22,1,hg38,W8,56,2,chr19+699941,1,0.5780346820809248,FALSE,PRSS57,-,FALSE,FALSE,-4479,FSTL3,16548,+,TCF3,909341,-,303850,3.291097581043278e-4,133,yes,PRSS57 ~,"PRSS57 ~
chr19+699941"
chr2,10740956,10740956,1,-,PBMC,Illumina,GTSP4711,pin22,2,hg38,W8,56,2,chr2-10740956,1,0.5780346820809248,TRUE,ATP6V1C2,+,FALSE,FALSE,0,E2F6,703417,-,BCL11A,49710209,-,303850,6.582195162086556e-4,133,yes,ATP6V1C2 *,"ATP6V1C2 *
chr2-10740956"
chr2,190093251,190093251,1,-,PBMC,Illumina,GTSP4711,pin22,1,hg38,W8,56,2,chr2-190093251,1,0.5780346820809248,FALSE,MSTN,-,FALSE,TRUE,-30521,PMS1,215621,+,BCL11A,-129539752,-,303850,3.291097581043278e-4,133,yes,MSTN ,"MSTN 
chr2-190093251"
chr2,228117421,228117421,1,-,PBMC,Illumina,GTSP4711,pin22,1,hg38,W8,56,2,chr2-228117421,1,0.5780346820809248,TRUE,SPHKAP,-,FALSE,TRUE,0,COL4A3,802628,+,BCL11A,-167563922,-,303850,3.291097581043278e-4,133,yes,SPHKAP *,"SPHKAP *
chr2-228117421"
chr2,74498357,74498357,1,-,PBMC,Illumina,GTSP4711,pin22,1693,hg38,W8,56,2,chr2-74498357,1,0.5780346820809248,TRUE,LBX2,-,FALSE,TRUE,-0,LOXL3,33899,-,BCL11A,-13944858,-,303850,0.557182820470627,133,yes,LBX2 *~,"LBX2 *~
chr2-74498357"
chr2,231668318,231668318,1,+,PBMC,Illumina,GTSP4711,pin22,1,hg38,W8,56,2,chr2+231668318,1,0.5780346820809248,FALSE,PTMA,+,FALSE,TRUE,-40205,PTMA,-40205,+,BCL11A,-171114819,-,303850,3.291097581043278e-4,133,yes,PTMA ~,"PTMA ~
chr2+231668318"
chr2,231739821,231739821,1,+,PBMC,Illumina,GTSP4711,pin22,1,hg38,W8,56,2,chr2+231739821,1,0.5780346820809248,TRUE,PDE6D,-,FALSE,FALSE,-0,PTMA,26279,+,BCL11A,-171186322,-,303850,3.291097581043278e-4,133,yes,PDE6D *~,"PDE6D *~
chr2+231739821"
chr2,231774122,231774122,1,+,PBMC,Illumina,GTSP4711,pin22,1,hg38,W8,56,2,chr2+231774122,1,0.5780346820809248,TRUE,PDE6D,-,FALSE,FALSE,0,PTMA,60580,+,BCL11A,-171220623,-,303850,3.291097581043278e-4,133,yes,PDE6D *,"PDE6D *
chr2+231774122"
chr20,1117889,1117889,1,-,PBMC,Illumina,GTSP4711,pin22,29250,hg38,W8,56,2,chr20-1117889,8,4.624277456647398,TRUE,"PSMF1,LOC105372493","+,-",TRUE,FALSE,-0,CSNK2A1,-574050,-,None.found,Inf,None.found,303850,9.626460424551588,133,yes,"PSMF1,LOC105372493 *","PSMF1,LOC105372493 *
chr20-1117889"
chr20,46554122,46554122,1,-,PBMC,Illumina,GTSP4711,pin22,21389,hg38,W8,56,2,chr20-46554122,2,1.1560693641618496,FALSE,OCSTAMP,-,FALSE,TRUE,-3547,TP53RK,130241,-,None.found,Inf,None.found,303850,7.039328616093467,133,yes,OCSTAMP ,"OCSTAMP 
chr20-46554122"
chr20,50797934,50797934,1,-,PBMC,Illumina,GTSP4711,pin22,1,hg38,W8,56,2,chr20-50797934,1,0.5780346820809248,TRUE,BCAS4,+,FALSE,FALSE,0,BCAS4,0,+,None.found,Inf,None.found,303850,3.291097581043278e-4,133,yes,BCAS4 *~,"BCAS4 *~
chr20-50797934"
chr20,18509777,18509777,1,+,PBMC,Illumina,GTSP4711,pin22,1,hg38,W8,56,2,chr20+18509777,1,0.5780346820809248,TRUE,SEC23B,+,FALSE,TRUE,0,KAT14,321389,+,None.found,Inf,None.found,303850,3.291097581043278e-4,133,yes,SEC23B *,"SEC23B *
chr20+18509777"
chr20,49590211,49590211,1,+,PBMC,Illumina,GTSP4711,pin22,126,hg38,W8,56,2,chr20+49590211,1,0.5780346820809248,FALSE,PTGIS,-,FALSE,FALSE,-22040,PTGIS,-22040,-,None.found,Inf,None.found,303850,0.041467829521145305,133,yes,PTGIS ~,"PTGIS ~
chr20+49590211"
chr21,23835976,23835976,1,-,PBMC,Illumina,GTSP4711,pin22,1,hg38,W8,56,2,chr21-23835976,1,0.5780346820809248,FALSE,D21S2088E,-,FALSE,TRUE,-451140,ADAMTS1,3000309,-,OLIG2,-9189930,+,303850,3.291097581043278e-4,133,yes,D21S2088E ,"D21S2088E 
chr21-23835976"
chr21,33931843,33931843,1,+,PBMC,Illumina,GTSP4711,pin22,7740,hg38,W8,56,2,chr21+33931843,1,0.5780346820809248,TRUE,LINC00649,+,FALSE,TRUE,0,IFNGR2,494321,+,RUNX1,855956,-,303850,2.547309527727497,133,yes,LINC00649 *,"LINC00649 *
chr21+33931843"
chr22,17449068,17449068,1,+,PBMC,Illumina,GTSP4711,pin22,2,hg38,W8,56,2,chr22+17449068,1,0.5780346820809248,TRUE,CECR2,+,FALSE,TRUE,0,HDHD5,-283780,-,BCR,-5731295,+,303850,6.582195162086556e-4,133,yes,CECR2 *,"CECR2 *
chr22+17449068"
chr3,10243035,10243035,1,-,PBMC,Illumina,GTSP4711,pin22,34593,hg38,W8,56,2,chr3-10243035,1,0.5780346820809248,TRUE,IRAK2,+,TRUE,FALSE,-0,IRAK2,-0,+,None.found,Inf,None.found,303850,11.384893862103011,133,yes,IRAK2 *~,"IRAK2 *~
chr3-10243035"
chr3,119804027,119804027,1,-,PBMC,Illumina,GTSP4711,pin22,1,hg38,W8,56,2,chr3-119804027,1,0.5780346820809248,TRUE,NR1I2,+,FALSE,FALSE,-0,GSK3B,17924,-,None.found,Inf,None.found,303850,3.291097581043278e-4,133,yes,NR1I2 *~,"NR1I2 *~
chr3-119804027"
chr3,196781932,196781932,1,-,PBMC,Illumina,GTSP4711,pin22,1,hg38,W8,56,2,chr3-196781932,1,0.5780346820809248,TRUE,PAK2,+,FALSE,FALSE,0,DLG1,260626,-,None.found,Inf,None.found,303850,3.291097581043278e-4,133,yes,PAK2 *,"PAK2 *
chr3-196781932"
chr3,41675418,41675418,1,-,PBMC,Illumina,GTSP4711,pin22,1,hg38,W8,56,2,chr3-41675418,1,0.5780346820809248,TRUE,ULK4,-,FALSE,TRUE,0,CTNNB1,434964,+,None.found,Inf,None.found,303850,3.291097581043278e-4,133,yes,ULK4 *,"ULK4 *
chr3-41675418"
chr3,65991843,65991843,1,-,PBMC,Illumina,GTSP4711,pin22,1,hg38,W8,56,2,chr3-65991843,1,0.5780346820809248,TRUE,MAGI1,-,FALSE,TRUE,0,LRIG1,386952,-,None.found,Inf,None.found,303850,3.291097581043278e-4,133,yes,MAGI1 *,"MAGI1 *
chr3-65991843"
chr3,66071519,66071519,1,-,PBMC,Illumina,GTSP4711,pin22,1,hg38,W8,56,2,chr3-66071519,1,0.5780346820809248,FALSE,MAGI1,-,FALSE,TRUE,-32684,LRIG1,307276,-,None.found,Inf,None.found,303850,3.291097581043278e-4,133,yes,MAGI1 ,"MAGI1 
chr3-66071519"
chr3,7880625,7880625,1,-,PBMC,Illumina,GTSP4711,pin22,21,hg38,W8,56,2,chr3-7880625,1,0.5780346820809248,FALSE,LOC101927394,-,FALSE,TRUE,72178,SRGAP3,1099964,-,None.found,Inf,None.found,303850,0.006911304920190884,133,yes,LOC101927394 ,"LOC101927394 
chr3-7880625"
chr3,141236931,141236931,1,+,PBMC,Illumina,GTSP4711,pin22,465,hg38,W8,56,2,chr3+141236931,1,0.5780346820809248,TRUE,PXYLP1,+,FALSE,TRUE,0,RNF7,-501276,+,None.found,Inf,None.found,303850,0.1530360375185124,133,yes,PXYLP1 *,"PXYLP1 *
chr3+141236931"
chr3,170230519,170230519,1,+,PBMC,Illumina,GTSP4711,pin22,1,hg38,W8,56,2,chr3+170230519,1,0.5780346820809248,TRUE,PRKCI,+,FALSE,TRUE,0,SKIL,-127164,+,None.found,Inf,None.found,303850,3.291097581043278e-4,133,yes,PRKCI *,"PRKCI *
chr3+170230519"
chr3,181922830,181922830,1,+,PBMC,Illumina,GTSP4711,pin22,1,hg38,W8,56,2,chr3+181922830,1,0.5780346820809248,FALSE,LINC01206,+,FALSE,TRUE,-29532,SOX2,208393,+,None.found,Inf,None.found,303850,3.291097581043278e-4,133,yes,LINC01206 ,"LINC01206 
chr3+181922830"
chr3,51661151,51661151,1,+,PBMC,Illumina,GTSP4711,pin22,1,hg38,W8,56,2,chr3+51661151,1,0.5780346820809248,TRUE,RAD54L2,+,FALSE,TRUE,-0,MANF,271753,+,None.found,Inf,None.found,303850,3.291097581043278e-4,133,yes,RAD54L2 *,"RAD54L2 *
chr3+51661151"
chr4,151029929,151029929,1,-,PBMC,Illumina,GTSP4711,pin22,2,hg38,W8,56,2,chr4-151029929,1,0.5780346820809248,FALSE,LRBA,-,FALSE,TRUE,-14431,LRBA,-14431,-,RAP1GDS1,52586067,+,303850,6.582195162086556e-4,133,yes,LRBA ~,"LRBA ~
chr4-151029929"
chr4,118277848,118277848,1,+,PBMC,Illumina,GTSP4711,pin22,1,hg38,W8,56,2,chr4+118277848,1,0.5780346820809248,FALSE,SNHG8,+,FALSE,TRUE,-912,SYNPO2,-572838,+,RAP1GDS1,19833986,+,303850,3.291097581043278e-4,133,yes,SNHG8 ,"SNHG8 
chr4+118277848"
chr5,129007272,129007272,1,-,PBMC,Illumina,GTSP4711,pin22,1,hg38,W8,56,2,chr5-129007272,1,0.5780346820809248,TRUE,SLC27A6,+,FALSE,FALSE,-0,MARCH3,-1976463,-,TLX3,-42302010,+,303850,3.291097581043278e-4,133,yes,SLC27A6 *,"SLC27A6 *
chr5-129007272"
chr5,137355092,137355092,1,+,PBMC,Illumina,GTSP4711,pin22,1,hg38,W8,56,2,chr5+137355092,1,0.5780346820809248,TRUE,SPOCK1,-,FALSE,FALSE,0,CDC25C,930171,-,TLX3,-33954190,+,303850,3.291097581043278e-4,133,yes,SPOCK1 *,"SPOCK1 *
chr5+137355092"
chr5,152692031,152692031,1,+,PBMC,Illumina,GTSP4711,pin22,1,hg38,W8,56,2,chr5+152692031,1,0.5780346820809248,TRUE,LINC01470,-,FALSE,FALSE,-0,FAT2,-1123086,-,TLX3,-18617251,+,303850,3.291097581043278e-4,133,yes,LINC01470 *,"LINC01470 *
chr5+152692031"
chr5,56840337,56840337,1,+,PBMC,Illumina,GTSP4711,pin22,1,hg38,W8,56,2,chr5+56840337,1,0.5780346820809248,TRUE,MAP3K1,+,FALSE,TRUE,0,MAP3K1,0,+,TLX3,-114468945,+,303850,3.291097581043278e-4,133,yes,MAP3K1 *~,"MAP3K1 *~
chr5+56840337"
chr6,107472184,107472184,1,-,PBMC,Illumina,GTSP4711,pin22,1,hg38,W8,56,2,chr6-107472184,1,0.5780346820809248,FALSE,PDSS2,-,FALSE,TRUE,-12608,RTN4IP1,-841692,-,NKAIN2,-16331660,+,303850,3.291097581043278e-4,133,yes,PDSS2 ,"PDSS2 
chr6-107472184"
chr6,155155683,155155683,1,-,PBMC,Illumina,GTSP4711,pin22,3391,hg38,W8,56,2,chr6-155155683,1,0.5780346820809248,TRUE,TIAM2,+,FALSE,FALSE,0,ARID1B,-1622170,+,NKAIN2,30330042,+,303850,1.1160111897317755,133,yes,TIAM2 *,"TIAM2 *
chr6-155155683"
chr6,97908014,97908014,1,-,PBMC,Illumina,GTSP4711,pin22,1,hg38,W8,56,2,chr6-97908014,1,0.5780346820809248,FALSE,MIR2113,+,FALSE,FALSE,-116515,CCNC,1634371,-,NKAIN2,-25895830,+,303850,3.291097581043278e-4,133,yes,MIR2113 ,"MIR2113 
chr6-97908014"
chr6,149133904,149133904,1,+,PBMC,Illumina,GTSP4711,pin22,1,hg38,W8,56,2,chr6+149133904,1,0.5780346820809248,FALSE,UST,+,FALSE,TRUE,56913,LATS1,524247,-,NKAIN2,24308263,+,303850,3.291097581043278e-4,133,yes,UST ,"UST 
chr6+149133904"
chr6,20534908,20534908,1,+,PBMC,Illumina,GTSP4711,pin22,14937,hg38,W8,56,2,chr6+20534908,1,0.5780346820809248,TRUE,CDKAL1,+,FALSE,TRUE,0,E2F3,41193,+,BRD2,-12433750,+,303850,4.915912456804344,133,yes,CDKAL1 *~,"CDKAL1 *~
chr6+20534908"
chr6,99493688,99493688,1,+,PBMC,Illumina,GTSP4711,pin22,1,hg38,W8,56,2,chr6+99493688,1,0.5780346820809248,TRUE,USP45,-,FALSE,FALSE,0,CCNC,48697,-,NKAIN2,-24310156,+,303850,3.291097581043278e-4,133,yes,USP45 *~,"USP45 *~
chr6+99493688"
chr7,105511590,105511590,1,-,PBMC,Illumina,GTSP4711,pin22,2,hg38,W8,56,2,chr7-105511590,1,0.5780346820809248,TRUE,PUS7,-,FALSE,TRUE,0,SRPK2,-122199,-,None.found,Inf,None.found,303850,6.582195162086556e-4,133,yes,PUS7 *,"PUS7 *
chr7-105511590"
chr7,150686109,150686109,1,-,PBMC,Illumina,GTSP4711,pin22,18746,hg38,W8,56,2,chr7-150686109,1,0.5780346820809248,TRUE,GIMAP2,+,FALSE,FALSE,0,GIMAP7,165035,+,None.found,Inf,None.found,303850,6.169491525423728,133,yes,GIMAP2 *,"GIMAP2 *
chr7-150686109"
chr7,117050679,117050679,1,+,PBMC,Illumina,GTSP4711,pin22,1,hg38,W8,56,2,chr7+117050679,1,0.5780346820809248,TRUE,ST7,+,FALSE,TRUE,0,WNT2,225950,-,None.found,Inf,None.found,303850,3.291097581043278e-4,133,yes,ST7 *,"ST7 *
chr7+117050679"
chr7,128176375,128176375,1,+,PBMC,Illumina,GTSP4711,pin22,5,hg38,W8,56,2,chr7+128176375,1,0.5780346820809248,FALSE,MIR129-1,+,FALSE,TRUE,-31495,SMO,-1012495,+,None.found,Inf,None.found,303850,0.001645548790521639,133,yes,MIR129-1 ,"MIR129-1 
chr7+128176375"
chr7,32874742,32874742,1,+,PBMC,Illumina,GTSP4711,pin22,1,hg38,W8,56,2,chr7+32874742,1,0.5780346820809248,TRUE,KBTBD2,-,FALSE,FALSE,-0,NOD1,-2395875,-,None.found,Inf,None.found,303850,3.291097581043278e-4,133,yes,KBTBD2 *,"KBTBD2 *
chr7+32874742"
chr7,87547476,87547476,1,+,PBMC,Illumina,GTSP4711,pin22,1,hg38,W8,56,2,chr7+87547476,1,0.5780346820809248,TRUE,ABCB1,-,FALSE,FALSE,-0,ABCB1,-0,-,None.found,Inf,None.found,303850,3.291097581043278e-4,133,yes,ABCB1 *~,"ABCB1 *~
chr7+87547476"
chr8,17680292,17680292,1,-,PBMC,Illumina,GTSP4711,pin22,1,hg38,W8,56,2,chr8-17680292,1,0.5780346820809248,TRUE,MTUS1,-,FALSE,TRUE,-0,MTUS1,-0,-,MYC,-110055140,+,303850,3.291097581043278e-4,133,yes,MTUS1 *~,"MTUS1 *~
chr8-17680292"
chr8,29198592,29198592,1,-,PBMC,Illumina,GTSP4711,pin22,1,hg38,W8,56,2,chr8-29198592,1,0.5780346820809248,TRUE,KIF13B,-,FALSE,TRUE,0,CLU,-1583780,-,MYC,-98536840,+,303850,3.291097581043278e-4,133,yes,KIF13B *,"KIF13B *
chr8-29198592"
chr8,8848971,8848971,1,-,PBMC,Illumina,GTSP4711,pin22,2289,hg38,W8,56,2,chr8-8848971,1,0.5780346820809248,TRUE,MFHAS1,-,FALSE,TRUE,0,MFHAS1,0,-,MYC,-118886461,+,303850,0.7533322363008064,133,yes,MFHAS1 *~,"MFHAS1 *~
chr8-8848971"
chr8,123495058,123495058,1,+,PBMC,Illumina,GTSP4711,pin22,1,hg38,W8,56,2,chr8+123495058,1,0.5780346820809248,FALSE,FBXO32,-,FALSE,FALSE,2827,RNF139,-979707,+,MYC,-4240374,+,303850,3.291097581043278e-4,133,yes,FBXO32 ,"FBXO32 
chr8+123495058"
chr8,143387513,143387513,1,+,PBMC,Illumina,GTSP4711,pin22,1,hg38,W8,56,2,chr8+143387513,1,0.5780346820809248,FALSE,RHPN1,+,FALSE,TRUE,3292,MAFA,40545,-,MYC,15644561,+,303850,3.291097581043278e-4,133,yes,RHPN1 ~,"RHPN1 ~
chr8+143387513"
chr9,124700410,124700410,1,+,PBMC,Illumina,GTSP4711,pin22,1,hg38,W8,56,2,chr9+124700410,1,0.5780346820809248,TRUE,NR6A1,-,FALSE,FALSE,0,HSPA5,534436,-,ABL1,-6013469,+,303850,3.291097581043278e-4,133,yes,NR6A1 *,"NR6A1 *
chr9+124700410"
chr9,126184612,126184612,1,+,PBMC,Illumina,GTSP4711,pin22,1,hg38,W8,56,2,chr9+126184612,1,0.5780346820809248,FALSE,LOC101929116,-,FALSE,FALSE,85510,PBX3,217234,+,ABL1,-4529267,+,303850,3.291097581043278e-4,133,yes,LOC101929116 ,"LOC101929116 
chr9+126184612"
chrX,119577192,119577192,1,-,PBMC,Illumina,GTSP4711,pin22,1,hg38,W8,56,2,chrX-119577192,1,0.5780346820809248,TRUE,UBE2A,+,FALSE,FALSE,0,SEPT6,38530,-,MTCP1,35486840,-,303850,3.291097581043278e-4,133,yes,UBE2A *~,"UBE2A *~
chrX-119577192"
chrX,19828610,19828610,1,-,PBMC,Illumina,GTSP4711,pin22,1,hg38,W8,56,2,chrX-19828610,1,0.5780346820809248,TRUE,SH3KBP1,-,FALSE,TRUE,0,EIF1AX,295906,-,MTCP1,135235422,-,303850,3.291097581043278e-4,133,yes,SH3KBP1 *,"SH3KBP1 *
chrX-19828610"
chrX,23727009,23727009,1,+,PBMC,Illumina,GTSP4711,pin22,1,hg38,W8,56,2,chrX+23727009,1,0.5780346820809248,TRUE,ACOT9,-,FALSE,FALSE,0,EIF1AX,-3585160,-,MTCP1,131337023,-,303850,3.291097581043278e-4,133,yes,ACOT9 *,"ACOT9 *
chrX+23727009"
chrX,39859142,39859142,1,+,PBMC,Illumina,GTSP4711,pin22,4305,hg38,W8,56,2,chrX+39859142,6,3.4682080924855487,FALSE,MIR1587,+,FALSE,TRUE,21528,BCOR,192102,-,MTCP1,115204890,-,303850,1.416817508639131,133,yes,MIR1587 ,"MIR1587 
chrX+39859142"
chr1,179144976,179144976,1,-,TCELL,454,LS-1,pin22,1,hg38,M2,61,2,chr1-179144976,1,0.036859565057132324,TRUE,ABL2,-,FALSE,TRUE,-0,ABL2,-0,-,PBX1,14258928,+,2713,0.036859565057132324,14,yes,ABL2 *~,"ABL2 *~
chr1-179144976"
chr1,111213595,111213595,1,+,TCELL,454,LS-1,pin22,14,hg38,M2,61,2,chr1+111213595,1,0.5160339107998526,FALSE,DENND2D,-,FALSE,FALSE,-9056,WDR77,226293,-,PBX1,-53345763,+,2713,0.5160339107998526,14,yes,DENND2D ,"DENND2D 
chr1+111213595"
chr1,185445111,185445111,1,+,TCELL,454,LS-1,pin22,3,hg38,M2,61,2,chr1+185445111,1,0.11057869517139698,FALSE,GS1-279B7.1,-,FALSE,FALSE,-110071,PRG4,-851160,+,PBX1,20559063,+,2713,0.11057869517139698,14,yes,GS1-279B7.1 ,"GS1-279B7.1 
chr1+185445111"
chr10,70587116,70587116,1,-,TCELL,454,LS-1,pin22,318,hg38,M2,61,2,chr10-70587116,1,11.72134168816808,FALSE,PRF1,-,FALSE,TRUE,10230,PRF1,10230,-,TLX1,-30544186,+,2713,11.72134168816808,14,yes,PRF1 ~,"PRF1 ~
chr10-70587116"
chr12,12582047,12582047,1,-,TCELL,454,LS-1,pin22,85,hg38,M2,61,2,chr12-12582047,1,3.133063029856248,FALSE,DUSP16,-,FALSE,TRUE,-19532,CDKN1B,-135221,+,ETV6,686644,+,2713,3.133063029856248,14,yes,DUSP16 ,"DUSP16 
chr12-12582047"
chr12,95270133,95270133,1,+,TCELL,454,LS-1,pin22,236,hg38,M2,61,2,chr12+95270133,1,8.698857353483229,TRUE,VEZT,+,TRUE,TRUE,-0,METAP2,-203911,+,ETV6,83374730,+,2713,8.698857353483229,14,yes,VEZT *,"VEZT *
chr12+95270133"
chr13,25873434,25873434,1,+,TCELL,454,LS-1,pin22,38,hg38,M2,61,2,chr13+25873434,1,1.4006634721710285,TRUE,ATP8A2,+,FALSE,TRUE,-0,PDX1,-2046595,+,CDX2,2087482,-,2713,1.4006634721710285,14,yes,ATP8A2 *,"ATP8A2 *
chr13+25873434"
chr13,46177189,46177189,1,+,TCELL,454,LS-1,pin22,35,hg38,M2,61,2,chr13+46177189,1,1.2900847769996313,TRUE,LCP1,-,FALSE,FALSE,0,LCP1,0,-,CDX2,-18207820,-,2713,1.2900847769996313,14,yes,LCP1 *~,"LCP1 *~
chr13+46177189"
chr15,39626525,39626525,1,-,TCELL,454,LS-1,pin22,606,hg38,M2,61,2,chr15-39626525,1,22.33689642462219,TRUE,FSIP1,-,FALSE,TRUE,-0,THBS1,27606,+,None.found,Inf,None.found,2713,22.33689642462219,14,yes,FSIP1 *~,"FSIP1 *~
chr15-39626525"
chr17,58343941,58343941,1,-,TCELL,454,LS-1,pin22,640,hg38,M2,61,2,chr17-58343941,1,23.59012163656469,TRUE,TSPOAP1-AS1,+,FALSE,FALSE,-0,RNF43,8557,-,None.found,Inf,None.found,2713,23.59012163656469,14,yes,TSPOAP1-AS1 *~,"TSPOAP1-AS1 *~
chr17-58343941"
chr18,2983554,2983554,1,+,TCELL,454,LS-1,pin22,542,hg38,M2,61,2,chr18+2983554,1,19.97788426096572,TRUE,LPIN2,-,FALSE,FALSE,0,DLGAP1,512476,-,BCL2,60139790,-,2713,19.97788426096572,14,yes,LPIN2 *,"LPIN2 *
chr18+2983554"
chr3,190618326,190618326,1,-,TCELL,454,LS-1,pin22,30,hg38,M2,61,2,chr3-190618326,1,1.1057869517139698,TRUE,IL1RAP,+,FALSE,FALSE,-0,FGF12,1521065,-,None.found,Inf,None.found,2713,1.1057869517139698,14,yes,IL1RAP *,"IL1RAP *
chr3-190618326"
chr6,159019154,159019154,1,+,TCELL,454,LS-1,pin22,156,hg38,M2,61,2,chr6+159019154,1,5.750092148912643,FALSE,TAGAP,-,FALSE,FALSE,15312,MAS1,-887786,+,NKAIN2,34193513,+,2713,5.750092148912643,14,yes,TAGAP ,"TAGAP 
chr6+159019154"
chr9,104960179,104960179,1,-,TCELL,454,LS-1,pin22,9,hg38,M2,61,2,chr9-104960179,1,0.3317360855141909,FALSE,ABCA1,-,FALSE,TRUE,-31932,ABCA1,-31932,-,TAL2,-702276,+,2713,0.3317360855141909,14,yes,ABCA1 ~,"ABCA1 ~
chr9-104960179"
chr10,30683386,30683386,1,-,PBMC,Illumina,GTSP4720,pin22,1676,hg38,Y4,1460,48,chr10-30683386,1,8.333333333333332,FALSE,SVILP1,+,FALSE,FALSE,-8886,MAP3K8,221552,+,BMI1,8351900,+,233810,0.7168213506693469,12,yes,SVILP1 ,"SVILP1 
chr10-30683386"
chr10,29501137,29501137,1,+,PBMC,Illumina,GTSP4720,pin22,122,hg38,Y4,1460,48,chr10+29501137,1,8.333333333333332,TRUE,SVIL,-,FALSE,FALSE,-0,MAP3K8,-932882,+,BMI1,7169651,+,233810,0.052179119798126686,12,yes,SVIL *,"SVIL *
chr10+29501137"
chr11,119263379,119263379,1,-,PBMC,Illumina,GTSP4720,pin22,38175,hg38,Y4,1460,48,chr11-119263379,1,8.333333333333332,TRUE,CBL,+,FALSE,FALSE,-0,CBL,-0,+,PICALM,-33193497,-,233810,16.327359822077756,12,yes,CBL *~,"CBL *~
chr11-119263379"
chr12,21527032,21527032,1,-,PBMC,Illumina,GTSP4720,pin22,26015,hg38,Y4,1460,48,chr12-21527032,1,8.333333333333332,TRUE,SPX,+,FALSE,FALSE,0,RECQL,-25362,-,ETV6,9631629,+,233810,11.12655575039562,12,yes,SPX *~,"SPX *~
chr12-21527032"
chr17,82894148,82894148,1,-,PBMC,Illumina,GTSP4720,pin22,10,hg38,Y4,1460,48,chr17-82894148,1,8.333333333333332,TRUE,TBCD,+,FALSE,FALSE,-0,SLC16A3,654648,+,None.found,Inf,None.found,233810,0.004276977032633335,12,yes,TBCD *,"TBCD *
chr17-82894148"
chr20,48826152,48826152,1,+,PBMC,Illumina,GTSP4720,pin22,33847,hg38,Y4,1460,48,chr20+48826152,2,16.666666666666664,TRUE,PREX1,-,FALSE,FALSE,0,PREX1,0,-,None.found,Inf,None.found,233810,14.476284162354048,12,yes,PREX1 *~,"PREX1 *~
chr20+48826152"
chr4,82902959,82902959,1,-,PBMC,Illumina,GTSP4720,pin22,5858,hg38,Y4,1460,48,chr4-82902959,1,8.333333333333332,TRUE,THAP9,+,FALSE,FALSE,0,HPSE,389500,-,RAP1GDS1,-15358415,+,233810,2.5054531457166074,12,yes,THAP9 *,"THAP9 *
chr4-82902959"
chr6,15902604,15902604,1,-,PBMC,Illumina,GTSP4720,pin22,6,hg38,Y4,1460,48,chr6-15902604,1,8.333333333333332,FALSE,MYLIP,+,FALSE,FALSE,-226480,DEK,2321563,-,BRD2,-17066054,+,233810,0.0025661862195800007,12,yes,MYLIP ,"MYLIP 
chr6-15902604"
chr6,45830224,45830224,1,-,PBMC,Illumina,GTSP4720,pin22,119119,hg38,Y4,1460,48,chr6-45830224,1,8.333333333333332,FALSE,CLIC5,-,FALSE,TRUE,68225,RUNX2,279141,+,BRD2,12848718,+,233810,50.946922715025025,12,yes,CLIC5 ,"CLIC5 
chr6-45830224"
chr6,85452261,85452261,1,+,PBMC,Illumina,GTSP4720,pin22,1874,hg38,Y4,1460,48,chr6+85452261,1,8.333333333333332,TRUE,NT5E,+,FALSE,TRUE,0,CYB5R4,1491833,+,NKAIN2,-38351583,+,233810,0.8015054959154869,12,yes,NT5E *,"NT5E *
chr6+85452261"
chr8,41715866,41715866,1,+,PBMC,Illumina,GTSP4720,pin22,7108,hg38,Y4,1460,48,chr8+41715866,1,8.333333333333332,TRUE,ANK1,-,FALSE,FALSE,-0,KAT6A,213611,-,MYC,-86019566,+,233810,3.0400752747957744,12,yes,ANK1 *,"ANK1 *
chr8+41715866"
chr1,23791581,23791581,1,-,PBMC,Illumina,GTSP4729,pin22,520,hg38,Y8,2920,96,chr1-23791581,1,4.166666666666666,TRUE,LYPLA2,+,FALSE,FALSE,0,CNR2,82387,-,LCK,-8459656,+,266409,0.19518860098570243,23,yes,LYPLA2 *,"LYPLA2 *
chr1-23791581"
chr1,32816997,32816997,1,-,PBMC,Illumina,GTSP4729,pin22,99683,hg38,Y8,2920,96,chr1-32816997,1,4.166666666666666,TRUE,YARS,-,FALSE,TRUE,0,TRIM62,328403,-,LCK,530829,+,266409,37.417279446264956,23,yes,YARS *,"YARS *
chr1-32816997"
chr1,21280216,21280216,1,+,PBMC,Illumina,GTSP4729,pin22,26017,hg38,Y8,2920,96,chr1+21280216,1,4.166666666666666,TRUE,ECE1,-,FALSE,FALSE,-0,RAP1GAP,316003,-,LCK,-10971021,+,266409,9.765811215086577,23,yes,ECE1 *,"ECE1 *
chr1+21280216"
chr11,96065187,96065187,1,+,PBMC,Illumina,GTSP4729,pin22,51378,hg38,Y8,2920,96,chr11+96065187,2,8.333333333333332,TRUE,MAML2,-,FALSE,FALSE,-0,MAML2,-0,-,PICALM,-9995305,-,266409,19.285384502775806,23,yes,MAML2 *~,"MAML2 *~
chr11+96065187"
chr13,32428502,32428502,1,-,PBMC,Illumina,GTSP4729,pin22,12,hg38,Y8,2920,96,chr13-32428502,1,4.166666666666666,FALSE,N4BP2L1,-,FALSE,TRUE,-323,BRCA2,28829,+,CDX2,-4459133,-,266409,0.004504352330439287,23,yes,N4BP2L1 ~,"N4BP2L1 ~
chr13-32428502"
chr13,48234317,48234317,1,-,PBMC,Illumina,GTSP4729,pin22,2757,hg38,Y8,2920,96,chr13-48234317,1,4.166666666666666,TRUE,ITM2B,+,FALSE,FALSE,0,RB1,-69428,+,CDX2,-20264948,-,266409,1.0348749479184263,23,yes,ITM2B *,"ITM2B *
chr13-48234317"
chr15,83918578,83918578,1,-,PBMC,Illumina,GTSP4729,pin22,72344,hg38,Y8,2920,96,chr15-83918578,1,4.166666666666666,TRUE,ADAMTSL3,+,FALSE,FALSE,-0,ADAMTSL3,-0,+,None.found,Inf,None.found,266409,27.155238749441647,23,yes,ADAMTSL3 *~,"ADAMTSL3 *~
chr15-83918578"
chr16,25049821,25049821,1,-,PBMC,Illumina,GTSP4729,pin22,2451,hg38,Y8,2920,96,chr16-25049821,1,4.166666666666666,FALSE,LOC554206,+,FALSE,FALSE,17043,RBBP6,476957,+,None.found,Inf,None.found,266409,0.9200139634922243,23,yes,LOC554206 ,"LOC554206 
chr16-25049821"
chr17,14748055,14748055,1,+,PBMC,Illumina,GTSP4729,pin22,96,hg38,Y8,2920,96,chr17+14748055,1,4.166666666666666,FALSE,CDRT7,+,FALSE,TRUE,-282918,NCOR1,1282037,-,None.found,Inf,None.found,266409,0.036034818643514294,23,yes,CDRT7 ,"CDRT7 
chr17+14748055"
chr17,2394446,2394446,1,+,PBMC,Illumina,GTSP4729,pin22,864,hg38,Y8,2920,96,chr17+2394446,2,8.333333333333332,TRUE,MNT,-,FALSE,FALSE,0,SMG6,-90670,-,None.found,Inf,None.found,266409,0.32431336779162867,23,yes,MNT *,"MNT *
chr17+2394446"
chr17,68462363,68462363,1,+,PBMC,Illumina,GTSP4729,pin22,110,hg38,Y8,2920,96,chr17+68462363,1,4.166666666666666,TRUE,PRKAR1A,+,FALSE,TRUE,0,PRKAR1A,0,+,None.found,Inf,None.found,266409,0.04128989636236013,23,yes,PRKAR1A *~,"PRKAR1A *~
chr17+68462363"
chr2,144327722,144327722,1,-,PBMC,Illumina,GTSP4729,pin22,3,hg38,Y8,2920,96,chr2-144327722,1,4.166666666666666,TRUE,GTDC1,-,FALSE,TRUE,0,ZEB2,56651,-,BCL11A,-83774223,-,266409,0.0011260880826098217,23,yes,GTDC1 *,"GTDC1 *
chr2-144327722"
chr2,134198235,134198235,1,+,PBMC,Illumina,GTSP4729,pin22,37,hg38,Y8,2920,96,chr2+134198235,1,4.166666666666666,FALSE,MGAT5,+,FALSE,TRUE,-56022,ARHGEF4,3150981,+,BCL11A,-73644736,-,266409,0.013888419685521134,23,yes,MGAT5 ,"MGAT5 
chr2+134198235"
chr21,39003719,39003719,1,-,PBMC,Illumina,GTSP4729,pin22,4,hg38,Y8,2920,96,chr21-39003719,1,4.166666666666666,FALSE,LINC01700,-,FALSE,TRUE,-25944,ETS2,178763,+,RUNX1,-3954420,-,266409,0.0015014507768130957,23,yes,LINC01700 ,"LINC01700 
chr21-39003719"
chr3,172535225,172535225,1,+,PBMC,Illumina,GTSP4729,pin22,49,hg38,Y8,2920,96,chr3+172535225,1,4.166666666666666,FALSE,TNFSF10,-,FALSE,FALSE,-11717,TNFSF10,-11717,-,None.found,Inf,None.found,266409,0.018392772015960422,23,yes,TNFSF10 ~,"TNFSF10 ~
chr3+172535225"
chr3,30643748,30643748,1,+,PBMC,Illumina,GTSP4729,pin22,2464,hg38,Y8,2920,96,chr3+30643748,1,4.166666666666666,TRUE,TGFBR2,+,FALSE,TRUE,0,TGFBR2,0,+,None.found,Inf,None.found,266409,0.9248936785168669,23,yes,TGFBR2 *~,"TGFBR2 *~
chr3+30643748"
chr4,173168004,173168004,1,-,PBMC,Illumina,GTSP4729,pin22,7,hg38,Y8,2920,96,chr4-173168004,1,4.166666666666666,TRUE,LOC101930370,-,TRUE,TRUE,0,ADAM29,-1750352,+,RAP1GDS1,74724142,+,266409,0.0026275388594229174,23,yes,LOC101930370 *,"LOC101930370 *
chr4-173168004"
chr5,135400441,135400441,1,+,PBMC,Illumina,GTSP4729,pin22,2987,hg38,Y8,2920,96,chr5+135400441,1,4.166666666666666,FALSE,H2AFY,-,FALSE,FALSE,-553,PITX1,-366166,-,TLX3,-35908841,+,266409,1.1212083675851792,23,yes,H2AFY ,"H2AFY 
chr5+135400441"
chr8,124630831,124630831,1,-,PBMC,Illumina,GTSP4729,pin22,4614,hg38,Y8,2920,96,chr8-124630831,2,8.333333333333332,TRUE,MTSS1,-,FALSE,TRUE,-0,RNF139,142212,+,MYC,-3104601,+,266409,1.7319234710539058,23,yes,MTSS1 *,"MTSS1 *
chr8-124630831"
chr9,27732924,27732924,1,+,PBMC,Illumina,GTSP4729,pin22,12,hg38,Y8,2920,96,chr9+27732924,1,4.166666666666666,FALSE,C9orf72,-,FALSE,FALSE,-159057,TEK,502745,+,JAK2,22604740,+,266409,0.004504352330439287,23,yes,C9orf72 ,"C9orf72 
chr9+27732924"
chr1,6038353,6038353,1,-,PBMC,Illumina,GTSP4738,pin22,1,hg38,Y15,5475,180,chr1-6038353,1,11.11111111111111,TRUE,KCNAB2,+,FALSE,FALSE,0,CHD5,63432,-,LCK,-26212884,+,51751,0.00193232981005198,9,yes,KCNAB2 *,"KCNAB2 *
chr1-6038353"
chr14,70641644,70641644,1,-,PBMC,Illumina,GTSP4738,pin22,231,hg38,Y15,5475,180,chr14-70641644,1,11.11111111111111,FALSE,TTC9,+,FALSE,FALSE,-141,ZFP36L1,-1845400,-,TCL1A,25068321,-,51751,0.44636818612200735,9,yes,TTC9 ,"TTC9 
chr14-70641644"
chr15,61342272,61342272,1,-,PBMC,Illumina,GTSP4738,pin22,1,hg38,Y15,5475,180,chr15-61342272,1,11.11111111111111,FALSE,RORA,-,FALSE,TRUE,-112968,GCNT3,1722260,+,None.found,Inf,None.found,51751,0.00193232981005198,9,yes,RORA ,"RORA 
chr15-61342272"
chr15,34397601,34397601,1,+,PBMC,Illumina,GTSP4738,pin22,6,hg38,Y15,5475,180,chr15+34397601,1,11.11111111111111,TRUE,GOLGA8A,-,FALSE,FALSE,-0,NUTM1,39863,+,None.found,Inf,None.found,51751,0.011593978860311877,9,yes,GOLGA8A *~,"GOLGA8A *~
chr15+34397601"
chr20,4131708,4131708,1,-,PBMC,Illumina,GTSP4738,pin22,1985,hg38,Y15,5475,180,chr20-4131708,1,11.11111111111111,FALSE,SMOX,+,FALSE,FALSE,-17069,CDC25B,325586,+,None.found,Inf,None.found,51751,3.8356746729531794,9,yes,SMOX ,"SMOX 
chr20-4131708"
chr21,35343526,35343526,1,-,PBMC,Illumina,GTSP4738,pin22,614,hg38,Y15,5475,180,chr21-35343526,1,11.11111111111111,FALSE,LOC100506403,-,FALSE,TRUE,28979,RUNX1,-294227,-,RUNX1,-294227,-,51751,1.1864505033719155,9,yes,LOC100506403 ,"LOC100506403 
chr21-35343526"
chr3,149225722,149225722,1,-,PBMC,Illumina,GTSP4738,pin22,48064,hg38,Y15,5475,180,chr3-149225722,2,22.22222222222222,FALSE,CP,-,FALSE,TRUE,-3676,HLTF,-139167,-,None.found,Inf,None.found,51751,92.87549999033835,9,yes,CP ,"CP 
chr3-149225722"
chr7,32503745,32503745,1,-,PBMC,Illumina,GTSP4738,pin22,849,hg38,Y15,5475,180,chr7-32503745,1,11.11111111111111,TRUE,AVL9,+,FALSE,FALSE,0,NOD1,-2024878,-,None.found,Inf,None.found,51751,1.6405480087341309,9,yes,AVL9 *,"AVL9 *
chr7-32503745"
