posid,PBMC/D1,PBMC/W2,PBMC/W8,PBMC/Y15,PBMC/Y4,PBMC/Y8,PBMC/Y8.5,TCELL/D-1,TCELL/M2,TCELL/Y7,patient
chr1-101128230,0,0,0,0,0,0,0,1,0,0,pin32
chr1-101197285,0,0,0,0,0,0,0,1,0,0,pin32
chr1-101228556,0,0,0,0,0,0,0,1,0,0,pin32
chr1-109820737,0,0,0,0,0,0,0,1,0,0,pin32
chr1-109897436,0,0,0,0,0,0,0,1,0,0,pin32
chr1-110634676,0,0,0,0,0,0,0,1,0,0,pin32
chr1-110635786,0,0,0,0,0,0,0,1,0,0,pin32
chr1-111199707,0,0,0,0,0,0,0,1,0,0,pin32
chr1-111601628,0,0,0,0,0,0,0,1,0,0,pin32
chr1-11168056,0,0,1,0,0,0,0,0,0,0,pin32
chr1-113872906,0,0,0,0,0,0,0,1,0,0,pin32
chr1-11586716,0,0,1,0,0,0,0,0,0,0,pin32
chr1-116807077,0,0,0,0,0,0,0,1,0,0,pin32
chr1-12617630,0,0,0,0,0,0,0,1,0,0,pin32
chr1-13694312,0,0,1,0,0,0,0,0,0,0,pin32
chr1-13728493,0,0,0,0,0,0,0,1,0,0,pin32
chr1-145930660,0,0,0,0,0,0,0,1,0,0,pin32
chr1-147045835,0,0,0,0,0,0,0,1,0,0,pin32
chr1-147046052,0,0,1,0,0,0,0,0,0,0,pin32
chr1-148528403,0,0,1,0,0,0,0,0,0,0,pin32
chr1-148986325,1,0,0,0,0,0,0,0,0,0,pin32
chr1-151276976,0,0,0,0,1,0,0,0,0,0,pin32
chr1-151277326,0,0,1,0,0,0,0,0,0,0,pin32
chr1-156101251,0,0,0,0,0,0,0,1,0,0,pin32
chr1-156283745,0,0,0,0,0,0,0,1,0,0,pin32
chr1-156742769,0,0,0,0,0,0,0,1,0,0,pin32
chr1-15846638,0,0,0,0,0,0,0,1,0,0,pin32
chr1-158933209,0,0,0,0,0,0,0,1,0,0,pin32
chr1-160490264,0,0,0,0,0,0,0,1,0,0,pin32
chr1-16347809,0,0,1,0,0,0,0,0,0,0,pin32
chr1-166839183,0,0,0,0,0,0,0,1,0,0,pin32
chr1-167938539,0,0,0,0,0,0,0,1,0,0,pin32
chr1-168518917,0,0,0,0,0,0,0,1,0,0,pin32
chr1-169367197,0,0,1,0,0,0,0,0,0,0,pin32
chr1-169371315,0,0,0,0,0,0,0,1,0,0,pin32
chr1-169691036,0,0,0,0,0,0,0,1,0,0,pin32
chr1-169691947,0,0,0,0,0,0,0,1,0,0,pin32
chr1-171518623,0,0,0,0,0,0,0,1,0,0,pin32
chr1-171740813,0,0,0,0,0,0,0,1,0,0,pin32
chr1-172589444,0,0,0,0,0,0,0,1,0,0,pin32
chr1-172662421,0,0,0,0,0,0,0,1,0,0,pin32
chr1-180131925,0,0,0,0,0,0,0,1,0,0,pin32
chr1-181399745,0,0,0,0,0,0,0,1,0,0,pin32
chr1-181401031,0,0,0,0,0,0,0,1,0,0,pin32
chr1-183589689,0,0,0,0,0,0,0,1,0,0,pin32
chr1-193478877,0,0,1,0,0,0,0,0,0,0,pin32
chr1-198614542,0,0,0,0,0,0,0,1,0,0,pin32
chr1-198656529,0,0,0,0,0,0,0,1,0,0,pin32
chr1-203763385,0,0,0,0,0,0,0,1,0,0,pin32
chr1-204517043,0,0,0,0,0,0,0,1,0,0,pin32
chr1-205771844,0,0,0,0,0,0,0,1,0,0,pin32
chr1-20931847,0,0,0,0,0,0,0,1,0,0,pin32
chr1-209731170,0,0,0,0,0,1,0,0,0,0,pin32
chr1-21292348,0,1,0,0,0,0,0,0,0,0,pin32
chr1-219427338,0,0,0,0,0,0,0,1,0,0,pin32
chr1-220047537,0,0,0,0,0,0,0,1,0,0,pin32
chr1-220486792,0,0,0,1,0,0,0,0,0,0,pin32
chr1-223515163,0,0,0,0,0,0,0,1,0,0,pin32
chr1-226800412,0,0,0,0,0,0,0,1,0,0,pin32
chr1-233405411,0,0,0,0,0,0,0,1,0,0,pin32
chr1-234960698,0,0,0,0,0,0,0,1,0,0,pin32
chr1-234977824,0,0,1,0,0,0,0,0,0,0,pin32
chr1-235017283,0,0,0,0,0,0,0,1,0,0,pin32
chr1-23594796,0,0,0,0,0,0,0,1,0,0,pin32
chr1-243414840,0,0,0,0,0,0,0,1,0,0,pin32
chr1-25560544,0,0,0,0,0,0,0,1,0,0,pin32
chr1-26276726,0,0,0,0,0,0,0,1,0,0,pin32
chr1-26584677,0,0,0,0,0,0,0,1,0,0,pin32
chr1-28248451,0,0,0,0,0,0,0,1,0,0,pin32
chr1-32990023,0,0,0,0,0,0,0,1,0,0,pin32
chr1-33098335,0,0,0,0,0,0,0,1,0,0,pin32
chr1-36387110,0,0,0,0,1,0,0,0,0,0,pin32
chr1-38277165,0,0,1,0,0,0,0,0,0,0,pin32
chr1-41803555,0,0,0,0,0,0,0,1,0,0,pin32
chr1-46667959,0,0,0,0,0,0,0,1,0,0,pin32
chr1-5270928,0,0,0,0,1,0,0,0,0,0,pin32
chr1-54286532,0,0,0,0,0,0,0,1,0,0,pin32
chr1-54408701,0,0,0,0,0,0,0,1,0,0,pin32
chr1-59071872,0,0,0,0,0,0,0,1,0,0,pin32
chr1-59335375,0,0,0,0,0,0,0,1,0,0,pin32
chr1-59351168,0,1,0,0,0,0,0,0,0,0,pin32
chr1-67173153,0,0,0,0,0,0,0,1,0,0,pin32
chr1-67196092,0,0,0,0,0,0,0,1,0,0,pin32
chr1-67286747,0,0,0,0,0,0,0,1,0,0,pin32
chr1-76260486,0,0,0,0,0,0,0,1,0,0,pin32
chr1-77682002,0,0,0,0,0,0,0,1,0,0,pin32
chr1-7956550,0,0,0,0,0,0,0,1,0,0,pin32
chr1-7961105,0,0,0,0,0,0,0,1,0,0,pin32
chr1-84077511,0,0,0,0,0,0,0,1,0,0,pin32
chr1-84163351,0,0,0,0,0,0,0,1,0,0,pin32
chr1-8937929,0,0,0,0,0,0,0,1,0,0,pin32
chr1-8947671,0,1,0,0,0,0,0,0,0,0,pin32
chr1-89739169,0,0,0,0,0,0,0,1,0,0,pin32
chr1-92363991,0,1,0,0,0,0,0,0,0,0,pin32
chr1-92980849,0,0,0,0,0,0,0,1,0,0,pin32
chr1-96364071,0,0,0,0,0,0,0,1,0,0,pin32
chr1-96727594,0,0,0,0,0,0,0,1,0,0,pin32
chr1-97782785,0,0,0,0,0,0,0,1,0,0,pin32
chr1+101090835,0,0,0,0,0,0,0,1,0,0,pin32
chr1+101174164,1,0,0,0,0,0,0,0,0,0,pin32
chr1+101177843,0,1,0,0,0,0,0,0,0,0,pin32
chr1+101187193,0,0,0,0,0,0,0,1,0,0,pin32
chr1+101234814,0,0,1,0,0,0,0,0,0,0,pin32
chr1+101474116,0,0,0,0,0,0,0,1,0,0,pin32
chr1+108052989,0,0,0,0,0,0,0,1,0,0,pin32
chr1+109803652,0,0,1,0,0,0,0,0,0,0,pin32
chr1+109819787,0,0,0,0,0,0,0,1,0,0,pin32
chr1+110185757,0,0,0,0,0,0,0,1,0,0,pin32
chr1+110631322,0,0,0,0,0,0,0,1,0,0,pin32
chr1+113780706,0,0,1,0,0,0,0,0,0,0,pin32
chr1+113872768,0,1,0,0,0,0,0,0,0,0,pin32
chr1+116826914,0,0,0,0,0,0,0,1,0,0,pin32
chr1+117736548,0,0,0,0,0,0,0,1,0,0,pin32
chr1+118919576,0,0,0,0,0,0,0,1,0,0,pin32
chr1+12011466,0,0,0,0,0,0,0,1,0,0,pin32
chr1+120535622,0,1,0,0,0,0,0,0,0,0,pin32
chr1+120934510,0,0,0,0,1,0,0,0,0,0,pin32
chr1+1214705,0,0,0,0,0,0,0,1,0,0,pin32
chr1+1231168,0,0,0,0,0,0,0,1,0,0,pin32
chr1+148394597,0,0,0,0,1,0,0,0,0,0,pin32
chr1+148460352,0,0,0,0,0,0,0,1,0,0,pin32
chr1+148976919,0,0,0,0,0,0,0,1,0,0,pin32
chr1+150488899,0,0,0,0,0,0,0,1,0,0,pin32
chr1+151277875,0,0,0,0,0,0,0,1,0,0,pin32
chr1+151281078,0,0,0,0,0,0,0,1,0,0,pin32
chr1+152021932,1,0,0,0,0,0,0,0,0,0,pin32
chr1+153790739,0,0,0,0,0,0,0,1,0,0,pin32
chr1+155745110,0,0,0,0,0,0,0,1,0,0,pin32
chr1+156668739,0,0,0,0,0,1,0,0,0,0,pin32
chr1+15947431,0,0,0,0,0,0,0,1,0,0,pin32
chr1+160451451,0,1,0,0,0,0,0,0,0,0,pin32
chr1+1607013,0,0,0,0,0,0,0,1,0,0,pin32
chr1+160750885,0,0,1,0,0,0,0,0,0,0,pin32
chr1+161153786,0,0,1,0,0,0,0,0,0,0,pin32
chr1+161555871,0,0,0,0,0,0,0,1,0,0,pin32
chr1+162691478,0,0,1,0,0,0,0,0,0,0,pin32
chr1+16366776,0,1,0,0,0,0,0,0,0,0,pin32
chr1+167429910,0,0,0,0,0,0,0,1,0,0,pin32
chr1+169053284,0,0,0,0,0,0,0,1,0,0,pin32
chr1+171740834,0,1,0,0,0,0,0,0,0,0,pin32
chr1+174965306,0,0,0,0,0,0,0,1,0,0,pin32
chr1+180280973,0,0,0,0,0,0,0,1,0,0,pin32
chr1+181395277,0,0,0,0,0,0,0,1,0,0,pin32
chr1+181399242,0,0,1,0,0,0,0,0,0,0,pin32
chr1+181509087,0,0,0,0,0,1,0,0,0,0,pin32
chr1+186741065,0,0,0,0,0,0,0,1,0,0,pin32
chr1+192546474,0,0,0,0,0,0,0,1,0,0,pin32
chr1+192566094,0,0,0,0,0,0,0,1,0,0,pin32
chr1+193455599,0,0,0,0,0,0,0,1,0,0,pin32
chr1+198680967,0,0,0,0,0,0,0,1,0,0,pin32
chr1+199090896,0,0,0,0,0,0,0,1,0,0,pin32
chr1+200618232,0,0,0,0,0,0,0,1,0,0,pin32
chr1+202806368,0,0,0,0,0,0,0,1,0,0,pin32
chr1+203290967,0,0,0,0,0,0,0,1,0,0,pin32
chr1+203590415,0,0,1,0,0,0,0,0,0,0,pin32
chr1+204443625,0,0,0,0,0,0,0,1,0,0,pin32
chr1+206472195,0,0,0,0,0,0,0,1,0,0,pin32
chr1+206703210,1,0,0,0,0,0,0,0,0,0,pin32
chr1+209674521,0,0,1,0,0,0,0,0,0,0,pin32
chr1+212036757,0,0,0,0,0,0,0,1,0,0,pin32
chr1+212727189,0,0,0,0,0,0,0,1,0,0,pin32
chr1+221769103,0,0,0,0,0,0,0,1,0,0,pin32
chr1+221825422,0,0,0,0,0,0,0,1,0,0,pin32
chr1+223726550,0,0,0,0,0,0,0,1,0,0,pin32
chr1+225444846,0,0,0,0,0,0,0,1,0,0,pin32
chr1+230107601,0,0,0,0,1,0,0,0,0,0,pin32
chr1+230303443,0,0,0,0,0,0,1,0,0,0,pin32
chr1+230390973,0,0,1,0,0,0,0,0,0,0,pin32
chr1+230977732,0,0,0,0,0,0,0,1,0,0,pin32
chr1+231274543,0,0,0,0,0,1,0,0,0,0,pin32
chr1+234964636,0,0,0,0,0,0,0,1,0,0,pin32
chr1+235873066,0,0,0,1,0,0,0,0,0,0,pin32
chr1+23614312,0,0,0,0,0,0,0,1,0,0,pin32
chr1+2548231,0,0,0,0,0,0,0,1,0,0,pin32
chr1+26309727,0,0,0,0,0,0,0,1,0,0,pin32
chr1+26581789,0,0,0,0,0,0,0,1,0,0,pin32
chr1+30762415,0,0,0,0,0,0,0,1,0,0,pin32
chr1+30765470,0,0,0,0,0,0,0,1,0,0,pin32
chr1+31011651,0,0,0,0,0,0,0,1,0,0,pin32
chr1+31942666,0,0,0,0,0,0,0,1,0,0,pin32
chr1+31962096,0,0,0,0,0,0,0,1,0,0,pin32
chr1+32982347,0,0,0,0,0,0,0,1,0,0,pin32
chr1+32982769,0,0,0,0,0,0,0,1,0,0,pin32
chr1+42938048,0,0,0,0,0,0,0,1,0,0,pin32
chr1+44212833,0,0,1,0,0,0,0,0,0,0,pin32
chr1+45334352,0,0,0,0,0,0,0,1,0,0,pin32
chr1+54286981,0,0,0,0,0,0,0,1,0,0,pin32
chr1+54488060,0,0,0,0,0,0,0,1,0,0,pin32
chr1+59007141,0,0,0,0,0,0,0,1,0,0,pin32
chr1+59408502,0,0,0,0,0,0,0,1,0,0,pin32
chr1+65212769,0,0,0,0,0,0,0,1,0,0,pin32
chr1+66338145,0,0,0,0,0,0,0,1,0,0,pin32
chr1+66437278,0,0,0,0,0,0,0,1,0,0,pin32
chr1+67335078,0,0,0,0,0,0,0,1,0,0,pin32
chr1+68179133,0,0,0,0,0,0,0,1,0,0,pin32
chr1+79690966,0,0,0,0,0,0,0,1,0,0,pin32
chr1+83483453,0,0,0,0,0,0,0,1,0,0,pin32
chr1+85895461,0,0,0,0,0,0,0,1,0,0,pin32
chr1+8942658,0,0,1,0,0,0,0,0,0,0,pin32
chr1+89607892,0,0,0,0,0,0,0,1,0,0,pin32
chr1+92540420,0,0,0,0,0,0,0,1,0,0,pin32
chr1+92581955,0,0,0,0,0,0,0,1,0,0,pin32
chr1+92980920,0,0,0,0,0,0,0,1,0,0,pin32
chr1+930731,0,0,1,0,0,0,0,0,0,0,pin32
chr1+94017903,0,0,0,0,0,0,0,1,0,0,pin32
chr1+97919499,0,0,1,0,0,0,0,0,0,0,pin32
chr10-100509855,0,0,0,0,0,0,0,1,0,0,pin32
chr10-101716364,0,0,0,0,0,0,0,1,0,0,pin32
chr10-101818364,0,0,1,0,0,0,0,0,0,0,pin32
chr10-102949568,0,0,1,0,0,0,0,0,0,0,pin32
chr10-104268471,0,0,0,0,0,0,0,1,0,0,pin32
chr10-110566541,0,0,0,0,0,0,0,1,0,0,pin32
chr10-11168777,0,0,0,0,0,0,0,1,0,0,pin32
chr10-112395532,0,0,0,0,0,0,0,1,0,0,pin32
chr10-114913109,0,0,0,0,0,0,0,1,0,0,pin32
chr10-114914070,0,0,0,0,0,0,0,1,0,0,pin32
chr10-119130806,0,0,1,0,0,0,0,0,0,0,pin32
chr10-119130896,0,0,0,0,0,0,0,1,0,0,pin32
chr10-12308459,0,0,0,0,0,1,0,0,0,0,pin32
chr10-12641225,0,0,0,0,3,0,0,0,0,0,pin32
chr10-12686065,0,0,1,0,0,0,0,0,0,0,pin32
chr10-127046204,0,0,0,0,0,0,0,0,0,1,pin32
chr10-131973197,0,0,0,0,0,0,0,1,0,0,pin32
chr10-133233486,0,0,0,2,0,0,0,0,0,0,pin32
chr10-13924893,0,0,1,0,0,0,0,0,0,0,pin32
chr10-14656469,0,0,0,0,0,0,0,1,0,0,pin32
chr10-17209654,0,0,0,0,0,0,0,1,0,0,pin32
chr10-17215104,0,0,0,0,0,0,0,1,0,0,pin32
chr10-24380764,0,0,0,0,0,0,0,1,0,0,pin32
chr10-26740989,0,0,0,0,1,0,0,0,0,0,pin32
chr10-28292924,0,0,0,0,0,0,0,1,0,0,pin32
chr10-30530859,0,0,0,0,0,1,0,0,0,0,pin32
chr10-30646217,0,0,0,0,0,0,0,0,2,0,pin32
chr10-30685145,0,0,0,0,0,0,0,1,0,0,pin32
chr10-31926857,0,0,0,0,0,0,0,1,0,0,pin32
chr10-32149936,0,0,1,0,0,0,0,0,0,0,pin32
chr10-33110614,0,0,0,0,0,0,0,1,0,0,pin32
chr10-34395160,0,0,0,0,0,0,0,1,0,0,pin32
chr10-35201884,0,0,0,0,0,0,0,1,0,0,pin32
chr10-3758426,0,0,0,0,0,0,0,1,0,0,pin32
chr10-3805012,0,0,1,0,0,0,0,0,0,0,pin32
chr10-4363217,0,0,1,0,0,0,0,0,0,0,pin32
chr10-43808066,0,0,0,0,0,0,0,1,0,0,pin32
chr10-45824613,0,0,0,0,0,0,0,1,0,0,pin32
chr10-47207626,0,0,1,0,0,0,0,0,0,0,pin32
chr10-48313669,0,0,0,0,0,0,0,1,0,0,pin32
chr10-49255301,0,0,0,0,0,0,0,1,0,0,pin32
chr10-5292326,0,0,0,0,0,0,0,1,0,0,pin32
chr10-6003807,0,0,1,0,0,0,0,0,0,0,pin32
chr10-60576025,0,0,0,0,0,0,0,1,0,0,pin32
chr10-6066480,0,0,0,0,0,0,0,1,0,0,pin32
chr10-62052521,0,0,0,0,0,0,0,1,0,0,pin32
chr10-62185859,0,0,0,0,0,0,0,1,0,0,pin32
chr10-62626536,0,0,0,0,0,0,0,1,0,0,pin32
chr10-62735069,0,0,0,0,0,0,0,1,0,0,pin32
chr10-62991784,0,1,0,0,0,0,0,0,0,0,pin32
chr10-6506907,0,0,0,0,0,0,0,1,0,0,pin32
chr10-65501694,1,0,0,0,0,0,0,0,0,0,pin32
chr10-6595784,0,0,1,0,0,0,0,0,0,0,pin32
chr10-6597840,0,0,0,0,0,1,0,0,0,0,pin32
chr10-6616477,0,0,0,0,0,0,0,1,0,0,pin32
chr10-67816914,0,0,0,0,0,0,0,1,0,0,pin32
chr10-69222188,0,0,0,0,0,0,0,1,0,0,pin32
chr10-70133249,0,0,0,0,0,0,0,1,0,0,pin32
chr10-70833557,0,0,1,0,0,0,0,0,0,0,pin32
chr10-72259195,0,0,0,0,0,0,0,1,0,0,pin32
chr10-7484918,1,0,0,0,0,0,0,0,0,0,pin32
chr10-79322857,0,0,0,0,0,0,0,1,0,0,pin32
chr10-80204711,0,0,0,0,0,0,0,1,0,0,pin32
chr10-80467865,0,0,0,0,0,0,0,1,0,0,pin32
chr10-8333292,0,0,0,0,0,0,0,1,0,0,pin32
chr10-88881868,0,0,0,0,0,0,0,1,0,0,pin32
chr10-95786936,0,0,0,0,0,0,0,1,0,0,pin32
chr10+100508365,0,0,0,0,0,0,0,1,0,0,pin32
chr10+100509553,0,0,1,0,0,0,0,0,0,0,pin32
chr10+103351262,0,0,0,0,0,0,0,1,0,0,pin32
chr10+11149097,0,1,0,0,0,0,0,0,0,0,pin32
chr10+11175809,0,0,0,0,0,0,0,1,0,0,pin32
chr10+114333597,0,0,0,0,0,0,0,1,0,0,pin32
chr10+114368836,0,0,0,0,0,0,0,1,0,0,pin32
chr10+114502153,0,0,0,0,0,0,0,1,0,0,pin32
chr10+114918825,0,0,0,0,0,0,0,1,0,0,pin32
chr10+117754689,0,0,0,0,0,0,0,1,0,0,pin32
chr10+124685075,0,0,0,0,0,0,0,1,0,0,pin32
chr10+124724073,0,0,1,0,0,0,0,0,0,0,pin32
chr10+127992307,0,0,0,0,0,0,0,1,0,0,pin32
chr10+131921588,0,0,0,0,0,0,0,1,0,0,pin32
chr10+132229567,0,0,2,0,0,0,0,0,0,0,pin32
chr10+22649028,0,0,0,0,0,0,0,1,0,0,pin32
chr10+24586139,0,0,0,1,0,0,0,0,0,0,pin32
chr10+27292176,0,0,0,0,0,0,0,1,0,0,pin32
chr10+29556114,0,0,0,0,0,0,0,1,0,0,pin32
chr10+30427284,0,0,0,0,0,0,0,1,0,0,pin32
chr10+30699360,0,0,0,0,0,0,0,1,0,0,pin32
chr10+30723356,0,0,0,0,0,0,0,1,0,0,pin32
chr10+33339285,0,1,0,0,0,0,0,0,0,0,pin32
chr10+34862581,0,0,1,0,0,0,0,0,0,0,pin32
chr10+3806140,0,0,0,0,0,0,0,1,0,0,pin32
chr10+3806286,0,0,0,0,0,0,0,1,0,0,pin32
chr10+59886383,0,0,0,0,0,0,0,1,0,0,pin32
chr10+6060030,0,0,0,0,0,0,0,1,0,0,pin32
chr10+6062695,0,0,0,0,0,0,0,1,0,0,pin32
chr10+6063926,0,0,0,0,0,0,0,1,0,0,pin32
chr10+6070685,0,0,1,0,0,0,0,0,0,0,pin32
chr10+60714691,0,0,1,0,0,0,0,0,0,0,pin32
chr10+6071623,0,0,0,0,0,1,0,0,0,0,pin32
chr10+6082727,0,0,0,0,0,0,0,1,0,0,pin32
chr10+6142910,0,0,0,0,0,0,0,1,0,0,pin32
chr10+61809099,0,0,0,0,0,0,0,1,0,0,pin32
chr10+62046314,0,0,0,0,0,0,0,1,0,0,pin32
chr10+62638271,1,0,0,0,0,0,0,0,0,0,pin32
chr10+62638290,0,0,0,0,0,0,0,1,0,0,pin32
chr10+6504331,0,0,0,0,0,0,0,1,0,0,pin32
chr10+67812422,1,0,0,0,0,0,0,0,0,0,pin32
chr10+69056522,0,0,0,0,0,0,0,1,0,0,pin32
chr10+69058304,0,0,0,0,0,0,0,1,0,0,pin32
chr10+6927267,0,0,0,0,0,0,0,1,0,0,pin32
chr10+70576604,0,1,0,0,0,0,0,0,0,0,pin32
chr10+70617819,0,0,0,0,1,0,0,0,0,0,pin32
chr10+71737728,0,0,1,0,0,0,0,0,0,0,pin32
chr10+72260377,0,0,0,0,0,0,0,1,0,0,pin32
chr10+75041918,0,0,0,0,0,0,0,1,0,0,pin32
chr10+8132587,0,0,0,0,0,0,0,1,0,0,pin32
chr10+94608252,0,1,0,0,0,0,0,0,0,0,pin32
chr10+95785262,0,0,0,0,0,0,0,1,0,0,pin32
chr10+95833102,0,0,0,0,0,0,0,1,0,0,pin32
chr10+95838192,1,0,0,0,0,0,0,0,0,0,pin32
chr10+96287059,0,1,0,0,0,0,0,0,0,0,pin32
chr10+99727624,0,0,0,0,0,0,0,0,1,0,pin32
chr11-102316770,0,0,0,0,0,0,0,1,0,0,pin32
chr11-104614860,0,0,0,0,0,0,0,1,0,0,pin32
chr11-111540100,0,0,0,0,0,0,0,1,0,0,pin32
chr11-114438966,0,0,0,0,0,0,0,1,0,0,pin32
chr11-118033076,0,0,1,0,0,0,0,0,0,0,pin32
chr11-118214146,0,0,0,0,0,0,0,1,0,0,pin32
chr11-118215855,0,0,0,1,0,0,0,0,0,0,pin32
chr11-118248794,0,0,0,0,0,0,0,1,0,0,pin32
chr11-121039862,0,0,0,0,0,0,0,1,0,0,pin32
chr11-12189486,0,0,0,0,0,0,0,1,0,0,pin32
chr11-122720846,0,0,0,0,0,0,0,1,0,0,pin32
chr11-125003040,0,0,0,0,0,0,0,1,0,0,pin32
chr11-128327493,0,0,1,0,0,0,0,0,0,0,pin32
chr11-128965027,0,0,0,0,0,0,0,1,0,0,pin32
chr11-134274811,0,0,0,0,0,0,0,1,0,0,pin32
chr11-13970800,0,0,0,0,0,0,0,1,0,0,pin32
chr11-14766457,0,0,0,1,0,0,0,0,0,0,pin32
chr11-17275601,0,0,0,0,0,0,0,1,0,0,pin32
chr11-17278152,0,0,0,0,0,0,0,1,0,0,pin32
chr11-22667983,0,0,0,0,0,0,0,1,0,0,pin32
chr11-269351,0,0,0,0,0,0,0,1,0,0,pin32
chr11-319876,0,0,0,0,0,1,0,0,0,0,pin32
chr11-32584300,0,0,1,0,0,0,0,0,0,0,pin32
chr11-32822909,0,0,0,0,0,0,0,1,0,0,pin32
chr11-34049901,0,0,0,0,0,0,0,1,0,0,pin32
chr11-34050460,0,0,0,0,0,1,0,0,0,0,pin32
chr11-34053338,0,0,0,0,0,0,0,1,0,0,pin32
chr11-34236926,0,0,0,0,0,0,0,1,0,0,pin32
chr11-35152351,0,0,0,0,0,0,0,1,0,0,pin32
chr11-3784374,0,0,0,0,0,0,0,1,0,0,pin32
chr11-3947837,0,0,0,0,0,0,0,1,0,0,pin32
chr11-46242711,0,0,0,0,0,0,0,1,0,0,pin32
chr11-47554378,0,0,0,0,0,0,0,1,0,0,pin32
chr11-48013301,0,0,0,0,0,0,0,1,0,0,pin32
chr11-57426640,0,0,0,0,0,0,0,1,0,0,pin32
chr11-60979882,0,0,0,0,0,0,0,1,0,0,pin32
chr11-6194343,0,0,0,0,0,0,0,1,0,0,pin32
chr11-6195144,0,1,0,0,0,0,0,0,0,0,pin32
chr11-62542320,0,0,1,0,0,0,0,0,0,0,pin32
chr11-62610663,0,0,0,0,0,0,0,1,0,0,pin32
chr11-62671450,0,0,0,0,0,0,0,1,0,0,pin32
chr11-62709942,0,0,0,0,0,0,0,1,0,0,pin32
chr11-62973703,0,1,0,0,0,0,0,0,0,0,pin32
chr11-66104574,0,0,0,0,0,0,0,1,0,0,pin32
chr11-6684132,0,1,0,0,0,0,0,0,0,0,pin32
chr11-68868927,0,0,0,0,0,0,0,1,0,0,pin32
chr11-72081364,0,0,0,0,0,0,0,1,0,0,pin32
chr11-74008083,1,0,0,0,0,0,0,0,0,0,pin32
chr11-74019011,0,0,1,0,0,0,0,0,0,0,pin32
chr11-74925216,0,0,0,0,0,0,0,1,0,0,pin32
chr11-75276282,0,0,0,0,0,0,0,1,0,0,pin32
chr11-81870532,0,0,0,0,0,0,0,1,0,0,pin32
chr11-85948902,0,0,0,0,0,0,0,1,0,0,pin32
chr11-86193400,0,1,0,0,0,0,0,0,0,0,pin32
chr11-86214217,0,1,0,0,0,0,0,0,0,0,pin32
chr11-86807204,0,0,0,0,0,0,0,1,0,0,pin32
chr11-9460134,0,0,0,0,0,0,0,1,0,0,pin32
chr11-95558657,0,0,0,0,0,0,0,1,0,0,pin32
chr11-95577218,0,0,0,0,0,0,0,1,0,0,pin32
chr11-95680842,0,0,0,0,0,0,0,1,0,0,pin32
chr11-95681443,0,0,0,0,0,0,0,1,0,0,pin32
chr11-9613530,0,0,0,0,0,0,0,1,0,0,pin32
chr11-96207610,0,0,0,0,0,0,0,1,0,0,pin32
chr11+102314799,0,0,0,0,0,0,0,1,0,0,pin32
chr11+102317055,0,0,0,0,0,0,0,1,0,0,pin32
chr11+102477679,0,0,0,2,0,0,0,0,0,0,pin32
chr11+102707672,0,0,1,0,0,0,0,0,0,0,pin32
chr11+104705490,0,0,0,0,0,0,0,1,0,0,pin32
chr11+110076795,0,0,0,0,0,1,0,0,0,0,pin32
chr11+110344375,0,0,0,0,0,0,0,1,0,0,pin32
chr11+110348863,0,0,0,0,0,0,0,1,0,0,pin32
chr11+110350451,0,0,0,0,0,0,0,1,0,0,pin32
chr11+110350947,0,0,0,0,0,0,0,1,0,0,pin32
chr11+110355814,0,0,0,0,0,0,0,1,0,0,pin32
chr11+111374025,0,0,0,0,0,0,0,1,0,0,pin32
chr11+111375132,0,0,0,0,0,0,0,1,0,0,pin32
chr11+111525494,0,0,0,0,0,0,0,1,0,0,pin32
chr11+111539736,0,0,0,0,0,0,0,1,0,0,pin32
chr11+113673531,0,0,0,0,0,0,0,1,0,0,pin32
chr11+118215004,0,0,0,0,0,0,0,1,0,0,pin32
chr11+118342900,0,0,0,0,0,0,0,1,0,0,pin32
chr11+120868384,0,0,0,0,0,1,0,0,0,0,pin32
chr11+12143093,0,0,0,0,0,0,0,1,0,0,pin32
chr11+121483291,1,0,0,0,0,0,0,0,0,0,pin32
chr11+12158777,0,0,0,0,0,0,0,1,0,0,pin32
chr11+12198251,0,0,1,0,0,0,0,0,0,0,pin32
chr11+122843286,0,0,0,0,0,0,0,1,0,0,pin32
chr11+123383109,0,0,0,0,0,0,0,1,0,0,pin32
chr11+123452421,0,0,0,0,0,0,0,1,0,0,pin32
chr11+123454692,0,0,0,0,0,0,0,1,0,0,pin32
chr11+123753460,0,0,0,0,0,0,0,1,0,0,pin32
chr11+126304645,0,0,0,0,0,0,0,1,0,0,pin32
chr11+128239274,0,1,0,0,0,0,0,0,0,0,pin32
chr11+128321086,0,0,0,0,0,0,0,1,0,0,pin32
chr11+130632411,0,0,0,0,0,0,0,1,0,0,pin32
chr11+14373867,0,0,0,0,0,0,0,1,0,0,pin32
chr11+14765142,0,0,1,0,0,0,0,0,0,0,pin32
chr11+14765206,0,0,0,0,0,0,0,1,0,0,pin32
chr11+14768086,0,1,0,0,0,0,0,0,0,0,pin32
chr11+14780914,0,0,0,0,0,0,0,1,0,0,pin32
chr11+14889621,0,1,0,0,0,0,0,0,0,0,pin32
chr11+16902667,0,0,0,0,0,0,0,1,0,0,pin32
chr11+16902979,0,0,0,0,0,0,0,1,0,0,pin32
chr11+18317350,0,0,1,0,0,0,0,0,0,0,pin32
chr11+32583007,0,0,0,0,0,0,0,1,0,0,pin32
chr11+33712087,0,0,0,0,0,0,0,1,0,0,pin32
chr11+3858331,0,0,0,0,0,0,0,1,0,0,pin32
chr11+44577708,0,0,0,0,0,0,0,1,0,0,pin32
chr11+45528327,0,0,0,0,0,0,0,1,0,0,pin32
chr11+4609999,0,0,0,0,0,0,0,1,0,0,pin32
chr11+46287583,0,0,0,0,0,0,0,1,0,0,pin32
chr11+47431244,0,0,0,0,0,0,0,1,0,0,pin32
chr11+48004793,0,0,0,0,0,0,0,1,0,0,pin32
chr11+58589708,0,0,0,0,0,0,0,1,0,0,pin32
chr11+60973122,0,1,0,0,0,0,0,0,0,0,pin32
chr11+61056537,0,0,0,0,0,0,0,1,0,0,pin32
chr11+61162322,0,0,0,0,0,0,0,1,0,0,pin32
chr11+62555810,1,0,0,0,0,0,0,0,0,0,pin32
chr11+64864023,0,0,0,0,0,0,0,1,0,0,pin32
chr11+6562186,0,0,1,0,0,0,0,0,0,0,pin32
chr11+65932178,0,0,0,0,0,0,0,1,0,0,pin32
chr11+66615977,0,0,0,0,0,0,0,1,0,0,pin32
chr11+70202855,0,0,1,0,0,0,0,0,0,0,pin32
chr11+70202876,0,0,1,0,0,0,0,0,0,0,pin32
chr11+70376222,0,0,1,0,0,0,0,0,0,0,pin32
chr11+74020266,0,0,0,0,0,0,0,1,0,0,pin32
chr11+78080778,0,0,0,0,0,0,0,1,0,0,pin32
chr11+82960018,0,0,1,0,0,0,0,0,0,0,pin32
chr11+83050360,0,0,0,0,0,0,0,1,0,0,pin32
chr11+86117445,0,0,0,0,0,0,0,1,0,0,pin32
chr11+86370736,0,0,0,0,0,0,0,1,0,0,pin32
chr11+87082464,0,0,1,0,0,0,0,0,0,0,pin32
chr11+87719893,0,0,0,0,0,0,0,1,0,0,pin32
chr11+88338305,0,0,0,0,0,0,0,1,0,0,pin32
chr11+8963729,0,0,0,0,0,0,0,1,0,0,pin32
chr11+90345757,0,0,0,0,0,0,0,1,0,0,pin32
chr11+9363940,0,0,0,0,0,0,0,1,0,0,pin32
chr11+93689748,0,0,0,0,0,0,0,1,0,0,pin32
chr11+9463227,0,0,0,0,0,0,0,1,0,0,pin32
chr11+95560702,0,0,0,0,0,0,0,1,0,0,pin32
chr11+95691719,0,0,0,0,0,0,0,1,0,0,pin32
chr11+95699388,0,0,0,0,0,0,0,1,0,0,pin32
chr11+95924817,0,0,0,0,0,0,0,1,0,0,pin32
chr12-101782755,1,0,0,0,0,0,0,0,0,0,pin32
chr12-10288804,0,0,0,0,0,0,0,1,0,0,pin32
chr12-10394022,0,0,0,0,0,0,0,1,0,0,pin32
chr12-10496953,0,0,0,0,0,0,0,1,0,0,pin32
chr12-109980451,0,0,0,0,0,0,0,1,0,0,pin32
chr12-110739055,0,0,1,0,0,0,0,0,0,0,pin32
chr12-111841862,0,0,0,0,0,0,0,1,0,0,pin32
chr12-112110200,0,0,0,0,0,0,0,1,0,0,pin32
chr12-113262284,0,0,0,0,0,0,0,1,0,0,pin32
chr12-116282076,0,0,0,0,0,0,0,1,0,0,pin32
chr12-117144990,0,0,0,0,0,0,0,1,0,0,pin32
chr12-120798167,0,0,1,0,0,0,0,0,0,0,pin32
chr12-121663092,0,0,0,0,0,0,0,1,0,0,pin32
chr12-123075140,0,0,0,0,0,0,0,1,0,0,pin32
chr12-12356259,0,0,0,0,0,0,0,1,0,0,pin32
chr12-12463574,0,0,0,0,0,0,0,1,0,0,pin32
chr12-127559496,0,0,0,0,0,0,0,0,1,0,pin32
chr12-15202883,0,0,1,0,0,0,0,0,0,0,pin32
chr12-15564199,0,0,0,0,0,0,0,1,0,0,pin32
chr12-18166264,0,0,0,0,0,0,3,0,0,0,pin32
chr12-19312079,0,0,0,0,0,0,0,1,0,0,pin32
chr12-21456917,0,0,0,0,0,0,0,1,0,0,pin32
chr12-21457541,0,0,0,0,0,0,0,1,0,0,pin32
chr12-24740063,0,0,0,0,0,0,0,1,0,0,pin32
chr12-25950684,0,0,0,0,0,0,0,1,0,0,pin32
chr12-31806939,0,0,0,0,0,0,0,1,0,0,pin32
chr12-4154074,0,0,0,0,1,0,0,0,0,0,pin32
chr12-46218469,0,0,0,0,0,0,0,1,0,0,pin32
chr12-46547531,0,0,0,0,0,0,0,1,0,0,pin32
chr12-47363932,0,0,0,0,0,0,0,1,0,0,pin32
chr12-47395169,0,0,0,0,0,0,0,1,0,0,pin32
chr12-47868057,0,0,0,0,0,0,0,1,0,0,pin32
chr12-50186569,0,0,0,0,0,0,0,1,0,0,pin32
chr12-50221902,1,0,0,0,0,0,0,0,0,0,pin32
chr12-52069150,0,0,0,0,0,0,0,1,0,0,pin32
chr12-53622085,0,0,1,0,0,0,0,0,0,0,pin32
chr12-56299518,0,0,0,0,0,0,0,1,0,0,pin32
chr12-56582077,0,0,0,1,0,0,0,0,0,0,pin32
chr12-56582475,0,0,0,3,0,0,0,0,0,0,pin32
chr12-57047047,0,0,0,0,0,0,0,1,0,0,pin32
chr12-62259677,0,0,0,0,0,0,0,1,0,0,pin32
chr12-62306606,0,0,0,0,0,0,0,1,0,0,pin32
chr12-6445449,0,0,0,0,0,0,0,1,0,0,pin32
chr12-6451147,0,0,0,0,0,0,0,1,0,0,pin32
chr12-6607979,0,0,0,1,0,0,0,0,0,0,pin32
chr12-6780303,0,0,0,0,0,1,0,0,0,0,pin32
chr12-68278718,0,0,0,0,0,0,0,1,0,0,pin32
chr12-728148,0,0,0,0,0,0,0,1,0,0,pin32
chr12-74537959,0,0,0,0,0,0,0,1,0,0,pin32
chr12-751733,0,0,0,1,0,0,0,0,0,0,pin32
chr12-75979029,0,0,0,0,0,0,0,1,0,0,pin32
chr12-8227559,0,0,1,0,0,0,0,0,0,0,pin32
chr12-82686617,0,0,0,0,0,0,0,1,0,0,pin32
chr12-89465492,0,0,1,0,0,0,0,0,0,0,pin32
chr12-92989560,0,0,0,0,0,0,0,1,0,0,pin32
chr12-93542263,0,0,0,0,0,0,0,1,0,0,pin32
chr12-948907,0,0,0,0,0,0,0,1,0,0,pin32
chr12-9731621,0,0,0,0,0,0,0,1,0,0,pin32
chr12-9794641,0,0,0,0,0,0,0,1,0,0,pin32
chr12-98754538,0,0,0,0,0,0,0,1,0,0,pin32
chr12+10288991,0,0,0,0,0,0,0,1,0,0,pin32
chr12+10381510,0,0,0,0,0,0,0,1,0,0,pin32
chr12+10387271,0,0,0,0,0,0,0,1,0,0,pin32
chr12+106409430,0,0,0,0,0,0,0,1,0,0,pin32
chr12+109998514,0,1,0,0,0,0,0,0,0,0,pin32
chr12+110585595,0,0,1,0,0,0,0,0,0,0,pin32
chr12+110614820,0,0,0,0,0,0,0,1,0,0,pin32
chr12+112129467,0,0,0,0,0,0,0,0,1,0,pin32
chr12+113271767,0,0,0,0,0,0,0,1,0,0,pin32
chr12+116144488,0,0,0,0,0,0,0,1,0,0,pin32
chr12+118308074,0,1,0,0,0,0,0,0,0,0,pin32
chr12+120014936,0,0,0,0,0,0,0,1,0,0,pin32
chr12+120015693,0,0,0,0,0,0,0,1,0,0,pin32
chr12+12032790,0,1,0,0,0,0,0,0,0,0,pin32
chr12+120535082,0,1,0,0,0,0,0,0,0,0,pin32
chr12+121801333,0,0,1,0,0,0,0,0,0,0,pin32
chr12+123070869,0,0,0,0,0,0,0,1,0,0,pin32
chr12+124920884,0,0,0,0,0,0,0,1,0,0,pin32
chr12+124940165,0,0,0,0,0,0,0,1,0,0,pin32
chr12+12674416,0,0,0,0,0,0,0,1,0,0,pin32
chr12+12716419,0,0,0,0,0,0,0,1,0,0,pin32
chr12+14216919,0,0,1,0,0,0,0,0,0,0,pin32
chr12+14387308,0,0,0,0,0,0,0,1,0,0,pin32
chr12+14389464,0,0,1,0,0,0,0,0,0,0,pin32
chr12+15534963,0,0,0,0,0,0,0,1,0,0,pin32
chr12+15563094,0,0,1,0,0,0,0,0,0,0,pin32
chr12+19794566,0,0,0,0,0,1,0,0,0,0,pin32
chr12+19799952,0,0,1,0,0,0,0,0,0,0,pin32
chr12+24653753,0,0,0,0,0,0,0,1,0,0,pin32
chr12+25385434,0,0,0,0,0,0,0,1,0,0,pin32
chr12+25588670,0,0,0,0,0,0,0,0,1,0,pin32
chr12+25596332,0,0,0,0,0,0,0,1,0,0,pin32
chr12+31733142,0,0,0,0,0,0,0,1,0,0,pin32
chr12+31876767,0,0,0,0,0,0,0,1,0,0,pin32
chr12+4144821,0,0,0,0,0,0,0,1,0,0,pin32
chr12+4154617,0,0,0,0,0,0,0,1,0,0,pin32
chr12+44852051,0,0,0,0,0,0,0,1,0,0,pin32
chr12+47215185,0,0,0,0,0,0,0,1,0,0,pin32
chr12+47391651,0,0,0,0,0,0,0,1,0,0,pin32
chr12+47868253,0,0,0,0,0,0,0,1,0,0,pin32
chr12+49673026,0,0,0,0,0,0,0,1,0,0,pin32
chr12+51329445,0,0,0,0,0,0,0,1,0,0,pin32
chr12+53379143,0,0,0,0,0,0,0,1,0,0,pin32
chr12+54979307,0,0,0,0,0,0,0,1,0,0,pin32
chr12+62260713,0,0,0,0,0,0,0,1,0,0,pin32
chr12+62762159,0,0,0,0,0,0,0,1,0,0,pin32
chr12+6367838,0,0,0,0,0,0,0,1,0,0,pin32
chr12+68123169,0,0,0,0,0,0,0,1,0,0,pin32
chr12+68278500,0,0,0,0,0,0,0,1,0,0,pin32
chr12+68373829,0,0,0,0,0,0,0,1,0,0,pin32
chr12+68495558,0,0,0,0,0,0,0,1,0,0,pin32
chr12+70244322,0,0,0,0,0,0,0,1,0,0,pin32
chr12+76020042,0,0,0,0,0,0,0,1,0,0,pin32
chr12+76021581,0,0,1,0,0,0,0,0,0,0,pin32
chr12+7971486,0,0,0,0,0,0,0,1,0,0,pin32
chr12+81942620,0,0,1,0,0,0,0,0,0,0,pin32
chr12+89181198,0,0,0,0,0,0,0,1,0,0,pin32
chr12+89964846,0,0,1,0,0,0,0,0,0,0,pin32
chr12+92038303,0,0,0,0,0,0,0,1,0,0,pin32
chr12+92400728,0,0,0,0,0,0,0,1,0,0,pin32
chr12+92540933,0,0,1,0,0,0,0,0,0,0,pin32
chr12+92989465,0,0,1,0,0,0,0,0,0,0,pin32
chr12+92991011,0,0,0,0,0,0,0,1,0,0,pin32
chr12+96501964,0,0,0,0,0,0,0,1,0,0,pin32
chr12+9652968,0,0,0,0,0,0,0,1,0,0,pin32
chr12+9656270,0,0,0,0,0,0,0,1,0,0,pin32
chr12+9668429,0,0,0,0,0,0,0,1,0,0,pin32
chr12+9668670,0,0,0,0,0,0,0,1,0,0,pin32
chr12+98500398,0,0,0,0,0,0,0,1,0,0,pin32
chr12+98501498,0,0,0,0,0,0,0,1,0,0,pin32
chr12+990461,0,0,0,0,0,0,0,1,0,0,pin32
chr13-100395758,0,0,0,0,0,0,0,1,0,0,pin32
chr13-100479804,0,0,0,0,0,0,0,1,0,0,pin32
chr13-102778743,0,0,1,0,0,0,0,0,0,0,pin32
chr13-114129514,0,0,0,0,0,0,0,1,0,0,pin32
chr13-18903627,0,0,0,0,0,1,0,0,0,0,pin32
chr13-21330002,0,0,0,0,0,0,0,1,0,0,pin32
chr13-24582469,0,0,0,0,0,0,0,1,0,0,pin32
chr13-27046002,0,0,0,0,0,0,0,1,0,0,pin32
chr13-27194595,0,1,0,0,0,0,0,0,0,0,pin32
chr13-27447838,0,0,0,0,0,0,0,1,0,0,pin32
chr13-29848390,0,0,0,0,0,0,0,1,0,0,pin32
chr13-30146962,0,0,0,0,0,0,0,1,0,0,pin32
chr13-31063612,0,0,0,0,0,0,0,1,0,0,pin32
chr13-32429257,0,0,0,0,0,0,0,1,0,0,pin32
chr13-33543414,0,0,0,0,0,0,0,1,0,0,pin32
chr13-33689739,0,0,1,0,0,0,0,0,0,0,pin32
chr13-38851622,0,0,0,0,0,0,0,1,0,0,pin32
chr13-40189504,0,0,0,0,0,0,0,1,0,0,pin32
chr13-40994660,0,0,0,0,0,0,0,1,0,0,pin32
chr13-45396384,0,1,0,0,0,0,0,0,0,0,pin32
chr13-48220941,0,1,0,0,0,0,0,0,0,0,pin32
chr13-49445407,0,0,0,0,0,0,0,1,0,0,pin32
chr13-71291481,0,0,0,0,0,0,0,1,0,0,pin32
chr13-75323345,0,0,0,0,0,0,0,1,0,0,pin32
chr13-79521657,0,0,0,0,0,0,0,1,0,0,pin32
chr13-95181681,0,0,1,0,0,0,0,0,0,0,pin32
chr13-97291235,0,0,0,0,0,0,0,1,0,0,pin32
chr13-99297195,0,1,0,0,0,0,0,0,0,0,pin32
chr13-99463881,0,0,0,0,0,0,0,1,0,0,pin32
chr13+102778858,1,0,0,0,0,0,0,0,0,0,pin32
chr13+110916273,0,0,0,0,0,0,0,1,0,0,pin32
chr13+113491785,0,0,0,0,0,1,0,0,0,0,pin32
chr13+20006423,0,1,0,0,0,0,0,0,0,0,pin32
chr13+20566524,0,0,0,0,0,0,0,1,0,0,pin32
chr13+24123293,0,0,0,0,0,0,0,1,0,0,pin32
chr13+24264019,0,0,0,0,0,0,0,1,0,0,pin32
chr13+24600193,0,0,0,0,0,0,0,1,0,0,pin32
chr13+26012859,0,0,0,0,0,0,0,1,0,0,pin32
chr13+26222712,0,0,0,0,0,0,0,1,0,0,pin32
chr13+27678095,0,0,1,0,0,0,0,0,0,0,pin32
chr13+28655526,0,0,1,0,0,0,0,0,0,0,pin32
chr13+30375364,0,0,0,0,0,0,0,1,0,0,pin32
chr13+32906210,0,0,0,0,0,1,0,0,0,0,pin32
chr13+33994340,0,0,1,0,0,0,0,0,0,0,pin32
chr13+39057820,0,0,0,0,0,0,0,1,0,0,pin32
chr13+40189334,0,0,1,0,0,0,0,0,0,0,pin32
chr13+40486610,0,0,0,0,0,0,0,1,0,0,pin32
chr13+41017545,0,0,0,0,0,0,0,1,0,0,pin32
chr13+41464766,0,0,0,0,0,0,0,1,0,0,pin32
chr13+43154601,0,0,0,0,0,0,0,1,0,0,pin32
chr13+48807160,0,0,0,0,0,0,0,1,0,0,pin32
chr13+49540080,0,0,0,0,0,0,0,1,0,0,pin32
chr13+50894564,0,0,0,0,0,0,0,1,0,0,pin32
chr13+58085961,0,0,0,0,0,0,0,0,1,0,pin32
chr13+75327141,0,0,0,0,0,0,0,1,0,0,pin32
chr13+75366944,0,0,0,0,0,0,0,1,0,0,pin32
chr13+78659397,0,0,1,0,0,0,0,0,0,0,pin32
chr13+78660264,0,0,0,0,0,0,0,1,0,0,pin32
chr13+79482883,0,0,0,0,0,0,0,1,0,0,pin32
chr13+94325306,0,0,0,0,0,1,0,0,0,0,pin32
chr13+99310091,0,0,0,0,0,0,0,1,0,0,pin32
chr14-102807210,0,0,0,0,0,0,0,1,0,0,pin32
chr14-106397884,0,0,0,0,0,0,0,1,0,0,pin32
chr14-106844720,0,0,0,0,0,0,0,1,0,0,pin32
chr14-21476177,0,0,0,0,0,0,0,1,0,0,pin32
chr14-22047330,0,0,0,0,0,0,0,1,0,0,pin32
chr14-22047395,0,0,0,0,0,0,0,1,0,0,pin32
chr14-22047547,0,0,0,0,0,0,0,1,0,0,pin32
chr14-22517233,0,1,0,0,0,0,0,0,0,0,pin32
chr14-22525486,0,0,0,0,0,0,0,1,0,0,pin32
chr14-23012822,0,0,1,0,0,0,0,0,0,0,pin32
chr14-24660667,0,1,0,0,0,0,0,0,0,0,pin32
chr14-24674961,0,0,0,0,0,0,0,1,0,0,pin32
chr14-37023089,0,0,0,0,0,0,0,1,0,0,pin32
chr14-39097475,0,0,0,0,0,0,0,1,0,0,pin32
chr14-49583904,0,0,0,0,0,0,0,1,0,0,pin32
chr14-50582065,0,0,1,0,0,0,0,0,0,0,pin32
chr14-50761373,0,0,0,0,0,0,0,1,0,0,pin32
chr14-55192008,0,1,0,0,0,0,0,0,0,0,pin32
chr14-56132481,0,0,0,0,0,0,0,1,0,0,pin32
chr14-57082822,0,0,1,0,0,0,0,0,0,0,pin32
chr14-59152766,0,0,1,0,0,0,0,0,0,0,pin32
chr14-59399632,0,0,0,0,0,0,0,1,0,0,pin32
chr14-60759489,0,0,1,0,0,0,0,0,0,0,pin32
chr14-60759500,0,0,1,0,0,0,0,0,0,0,pin32
chr14-61214284,0,0,0,0,0,0,0,1,0,0,pin32
chr14-61508039,0,0,0,0,0,0,0,0,1,0,pin32
chr14-61563828,0,0,0,0,0,0,0,1,0,0,pin32
chr14-61658959,0,0,0,0,0,0,0,1,0,0,pin32
chr14-63873781,0,0,0,0,0,0,0,1,0,0,pin32
chr14-64410163,0,0,0,0,0,0,0,1,0,0,pin32
chr14-64446644,0,0,0,0,0,0,0,1,0,0,pin32
chr14-65208597,0,0,0,0,0,0,0,1,0,0,pin32
chr14-65211197,0,0,0,0,0,0,0,1,0,0,pin32
chr14-65320539,0,0,0,0,0,0,0,1,0,0,pin32
chr14-65334937,0,0,0,0,0,0,0,1,0,0,pin32
chr14-65638922,0,0,0,0,0,0,0,1,0,0,pin32
chr14-69619902,0,0,0,0,0,0,0,1,0,0,pin32
chr14-70885517,0,0,0,0,0,0,0,1,0,0,pin32
chr14-71934660,0,0,0,0,0,0,0,1,0,0,pin32
chr14-73753319,0,1,0,0,0,0,0,0,0,0,pin32
chr14-73788515,0,0,0,0,0,0,0,1,0,0,pin32
chr14-76977356,0,1,0,0,0,0,0,0,0,0,pin32
chr14-77616191,0,0,0,0,0,0,0,1,0,0,pin32
chr14-80903714,0,0,0,0,0,0,0,1,0,0,pin32
chr14-88003431,0,0,0,0,0,0,0,1,0,0,pin32
chr14-88024169,0,0,0,0,0,0,0,1,0,0,pin32
chr14-89642477,0,0,0,0,0,1,0,0,0,0,pin32
chr14-89959567,0,0,0,0,0,0,0,1,0,0,pin32
chr14-91818899,0,0,1,0,0,0,0,0,0,0,pin32
chr14-92657243,0,0,0,0,0,0,0,1,0,0,pin32
chr14-93973701,0,0,1,0,0,0,0,0,0,0,pin32
chr14-93975072,0,0,1,0,0,0,0,0,0,0,pin32
chr14-95525055,0,0,1,0,0,0,0,0,0,0,pin32
chr14-97993887,1,0,0,0,0,0,0,0,0,0,pin32
chr14-98178752,0,0,0,0,0,0,0,1,0,0,pin32
chr14-98192547,0,0,0,0,0,0,0,1,0,0,pin32
chr14+102771645,0,1,0,0,0,0,0,0,0,0,pin32
chr14+102819712,0,0,0,0,0,0,0,1,0,0,pin32
chr14+104794844,0,0,1,0,0,0,0,0,0,0,pin32
chr14+20465874,0,1,0,0,0,0,0,0,0,0,pin32
chr14+21385069,0,0,0,0,0,0,0,1,0,0,pin32
chr14+21845809,0,0,0,0,0,0,0,1,0,0,pin32
chr14+21987386,1,0,0,0,0,0,0,0,0,0,pin32
chr14+22105403,0,0,0,0,0,0,0,1,0,0,pin32
chr14+22555442,0,0,0,0,0,0,0,1,0,0,pin32
chr14+22587969,0,0,1,0,0,0,0,0,0,0,pin32
chr14+23007830,0,0,4,0,0,0,0,0,0,0,pin32
chr14+30335192,0,0,0,0,0,0,0,1,0,0,pin32
chr14+37595561,0,0,1,0,0,0,0,0,0,0,pin32
chr14+39107130,0,0,1,0,0,0,0,0,0,0,pin32
chr14+39446714,0,0,0,0,1,0,0,0,0,0,pin32
chr14+45253873,0,0,0,0,0,0,0,1,0,0,pin32
chr14+45534406,0,0,0,0,0,0,0,1,0,0,pin32
chr14+49970948,0,0,0,0,0,0,0,1,0,0,pin32
chr14+50046681,0,0,0,0,0,0,0,1,0,0,pin32
chr14+50083108,0,0,0,0,0,0,0,1,0,0,pin32
chr14+50955739,0,0,0,0,0,0,0,1,0,0,pin32
chr14+51867681,0,1,0,0,0,0,0,0,0,0,pin32
chr14+52400061,0,0,0,0,0,0,0,1,0,0,pin32
chr14+53149320,0,0,0,0,0,0,0,1,0,0,pin32
chr14+54618946,0,0,1,0,0,0,0,0,0,0,pin32
chr14+55103918,0,0,0,0,0,0,0,1,0,0,pin32
chr14+58239748,0,0,0,0,0,0,0,1,0,0,pin32
chr14+61103338,0,0,0,0,0,0,0,0,1,0,pin32
chr14+61323229,0,1,0,0,0,0,0,0,0,0,pin32
chr14+61349086,0,0,0,0,0,0,0,1,0,0,pin32
chr14+61661231,0,0,0,0,0,0,0,1,0,0,pin32
chr14+65518762,0,0,0,0,0,0,0,1,0,0,pin32
chr14+65724399,0,0,0,0,0,0,0,1,0,0,pin32
chr14+67817580,0,0,0,0,0,0,0,1,0,0,pin32
chr14+68815524,0,0,0,0,0,0,0,1,0,0,pin32
chr14+69626630,0,0,0,0,0,0,0,1,0,0,pin32
chr14+73775795,0,0,0,0,0,0,0,1,0,0,pin32
chr14+75499286,0,0,1,0,0,0,0,0,0,0,pin32
chr14+75521631,0,0,0,0,0,0,0,1,0,0,pin32
chr14+75543381,0,0,0,0,0,0,0,1,0,0,pin32
chr14+75561921,0,0,0,0,0,0,0,0,1,0,pin32
chr14+76957373,0,0,0,0,0,0,0,1,0,0,pin32
chr14+76977494,0,0,0,0,0,0,0,1,0,0,pin32
chr14+80958289,0,0,0,0,0,0,0,1,0,0,pin32
chr14+81199628,0,0,0,0,0,0,0,1,0,0,pin32
chr14+88005751,0,0,0,0,0,0,0,1,0,0,pin32
chr14+89277090,0,0,0,0,0,0,0,1,0,0,pin32
chr14+89277690,0,1,0,0,0,0,0,0,0,0,pin32
chr14+91871615,0,1,0,0,0,0,0,0,0,0,pin32
chr14+93972496,0,0,0,0,0,0,0,1,0,0,pin32
chr14+93995585,0,0,0,0,0,0,0,1,0,0,pin32
chr14+96797877,0,0,0,0,0,0,0,1,0,0,pin32
chr14+98184236,0,0,0,0,0,0,0,1,0,0,pin32
chr14+98188366,0,0,0,0,0,0,0,1,0,0,pin32
chr14+98195378,0,0,0,0,0,0,0,1,0,0,pin32
chr15-100598221,0,0,0,0,0,0,0,1,0,0,pin32
chr15-31340787,0,0,0,0,0,0,0,1,0,0,pin32
chr15-31403112,0,0,1,0,0,0,0,0,0,0,pin32
chr15-31433888,0,0,1,0,0,0,0,0,0,0,pin32
chr15-31438443,0,0,0,0,0,0,0,1,0,0,pin32
chr15-34336329,0,0,0,0,0,0,0,1,0,0,pin32
chr15-35545600,0,0,0,0,0,0,0,1,0,0,pin32
chr15-39623995,0,0,0,0,0,0,0,1,0,0,pin32
chr15-43251634,0,0,0,0,0,0,0,1,0,0,pin32
chr15-45586807,0,0,0,0,0,0,0,1,0,0,pin32
chr15-45637997,0,0,0,1,0,0,0,0,0,0,pin32
chr15-50881213,0,0,1,0,0,0,0,0,0,0,pin32
chr15-52384800,0,1,0,0,0,0,0,0,0,0,pin32
chr15-55272894,0,0,0,0,0,0,0,1,0,0,pin32
chr15-56732517,0,0,0,0,0,0,0,1,0,0,pin32
chr15-58485044,0,0,0,0,0,0,0,1,0,0,pin32
chr15-60479543,0,0,0,0,0,0,0,1,0,0,pin32
chr15-60479902,0,0,0,0,0,0,0,1,0,0,pin32
chr15-61892584,0,0,0,0,0,0,0,1,0,0,pin32
chr15-63893974,0,0,0,0,0,0,0,1,0,0,pin32
chr15-66728792,0,1,0,0,0,0,0,0,0,0,pin32
chr15-67114453,0,0,0,0,0,0,0,1,0,0,pin32
chr15-71678791,0,0,0,0,0,0,0,1,0,0,pin32
chr15-73584126,0,0,0,0,0,0,0,1,0,0,pin32
chr15-76987194,1,0,0,0,0,0,0,0,0,0,pin32
chr15-76994796,0,0,0,0,0,0,0,1,0,0,pin32
chr15-81024196,0,0,0,0,0,0,0,1,0,0,pin32
chr15-85399480,0,0,0,0,0,0,0,1,0,0,pin32
chr15-85691028,0,0,0,0,0,0,0,1,0,0,pin32
chr15-90389088,0,0,0,0,0,0,0,1,0,0,pin32
chr15-90575859,0,0,0,0,0,0,0,1,0,0,pin32
chr15-90594139,0,0,0,0,0,0,0,1,0,0,pin32
chr15-90857732,0,1,0,0,0,0,0,0,0,0,pin32
chr15-94237671,0,0,1,0,0,0,0,0,0,0,pin32
chr15-94271905,0,0,0,0,0,0,0,1,0,0,pin32
chr15-98101551,0,0,0,0,0,0,0,1,0,0,pin32
chr15-98853120,0,0,0,0,0,0,0,1,0,0,pin32
chr15+101162203,0,1,0,0,0,0,0,0,0,0,pin32
chr15+22136812,0,0,0,0,0,0,0,1,0,0,pin32
chr15+31216998,0,0,0,0,0,0,0,1,0,0,pin32
chr15+31437128,0,0,0,0,0,0,0,1,0,0,pin32
chr15+38563380,0,0,0,0,0,0,0,1,0,0,pin32
chr15+39622686,0,0,0,0,0,0,0,1,0,0,pin32
chr15+44679918,0,1,0,0,0,0,0,0,0,0,pin32
chr15+44880861,0,0,0,0,0,0,0,1,0,0,pin32
chr15+55251290,0,0,0,0,0,0,0,1,0,0,pin32
chr15+55279606,0,0,0,0,0,0,0,1,0,0,pin32
chr15+58508074,0,0,0,0,0,0,0,1,0,0,pin32
chr15+60548031,0,0,0,0,0,0,0,1,0,0,pin32
chr15+63896127,0,0,0,0,0,0,0,1,0,0,pin32
chr15+63896235,0,0,0,0,0,0,0,1,0,0,pin32
chr15+64535587,0,0,0,0,0,0,0,1,0,0,pin32
chr15+64883489,0,0,1,0,0,0,0,0,0,0,pin32
chr15+65793834,0,0,0,0,0,0,0,1,0,0,pin32
chr15+65832521,0,0,0,0,0,0,0,1,0,0,pin32
chr15+67102783,0,0,0,0,0,0,0,1,0,0,pin32
chr15+74392758,0,0,0,0,0,0,0,1,0,0,pin32
chr15+76994318,0,0,0,0,0,0,0,1,0,0,pin32
chr15+80023034,0,0,1,0,0,0,0,0,0,0,pin32
chr15+81293439,0,1,0,0,0,0,0,0,0,0,pin32
chr15+83928039,0,0,0,0,0,0,0,1,0,0,pin32
chr15+90816369,0,0,0,0,0,0,0,1,0,0,pin32
chr15+90836726,0,0,0,0,0,0,0,1,0,0,pin32
chr15+90929589,0,0,0,0,0,0,0,1,0,0,pin32
chr15+92822324,0,0,0,0,0,0,0,1,0,0,pin32
chr15+92822704,0,1,0,0,0,0,0,0,0,0,pin32
chr15+94304476,0,0,1,0,0,0,0,0,0,0,pin32
chr15+99510397,0,0,0,0,0,0,0,1,0,0,pin32
chr16-10811507,0,0,0,0,0,0,0,1,0,0,pin32
chr16-10867208,0,0,0,0,0,0,0,1,0,0,pin32
chr16-13126374,0,1,0,0,0,0,0,0,0,0,pin32
chr16-15488192,0,0,0,0,0,0,0,1,0,0,pin32
chr16-18804664,0,0,0,0,0,0,0,1,0,0,pin32
chr16-20912515,0,0,0,0,0,0,0,1,0,0,pin32
chr16-20938973,0,0,0,0,0,0,0,1,0,0,pin32
chr16-22481578,0,0,0,0,0,0,0,1,0,0,pin32
chr16-23826516,0,0,1,0,0,0,0,0,0,0,pin32
chr16-27243286,0,0,0,0,0,0,0,1,0,0,pin32
chr16-28402362,0,0,0,0,0,0,0,1,0,0,pin32
chr16-28493864,0,0,0,0,0,0,0,1,0,0,pin32
chr16-29805158,0,0,0,0,0,0,0,1,0,0,pin32
chr16-30949844,0,0,0,0,0,0,0,1,0,0,pin32
chr16-31877987,0,0,0,0,0,0,0,1,0,0,pin32
chr16-3216883,0,0,0,0,0,0,0,1,0,0,pin32
chr16-4465945,0,0,1,0,0,0,0,0,0,0,pin32
chr16-46690732,0,0,0,0,0,0,0,1,0,0,pin32
chr16-48595603,0,0,0,0,0,0,0,1,0,0,pin32
chr16-48612572,0,1,0,0,0,0,0,0,0,0,pin32
chr16-50682921,0,0,0,0,0,0,0,1,0,0,pin32
chr16-50699112,0,0,0,0,0,0,0,1,0,0,pin32
chr16-57012550,0,0,0,0,0,0,0,1,0,0,pin32
chr16-66476045,0,1,0,0,0,0,0,0,0,0,pin32
chr16-67312820,0,0,0,0,0,0,0,1,0,0,pin32
chr16-68075199,0,0,0,0,0,0,0,1,0,0,pin32
chr16-74667928,0,0,0,0,0,0,0,1,0,0,pin32
chr16-79071111,0,0,0,0,0,0,0,1,0,0,pin32
chr16-79083014,0,0,0,0,0,0,0,1,0,0,pin32
chr16-79267743,0,0,1,0,0,0,0,0,0,0,pin32
chr16-81633629,0,0,0,0,0,0,0,1,0,0,pin32
chr16-82654945,0,0,0,0,0,0,0,1,0,0,pin32
chr16-84520933,0,0,0,0,0,0,0,1,0,0,pin32
chr16-84553325,0,0,0,0,0,0,0,1,0,0,pin32
chr16-87982688,0,0,0,0,0,0,0,1,0,0,pin32
chr16+10876731,0,0,0,0,0,0,0,1,0,0,pin32
chr16+11022414,0,0,0,0,0,0,0,1,0,0,pin32
chr16+11104746,0,0,0,0,0,0,0,1,0,0,pin32
chr16+11235883,0,0,0,0,0,0,0,1,0,0,pin32
chr16+11580331,0,0,0,0,0,0,0,1,0,0,pin32
chr16+12804828,0,0,0,0,0,0,0,1,0,0,pin32
chr16+15488981,0,0,0,0,0,0,0,1,0,0,pin32
chr16+15642619,0,1,0,0,0,0,0,0,0,0,pin32
chr16+20911895,0,0,0,0,0,0,0,1,0,0,pin32
chr16+23846704,0,0,0,0,0,0,0,1,0,0,pin32
chr16+2661950,0,0,1,0,0,0,0,0,0,0,pin32
chr16+2671970,0,0,0,0,0,0,0,1,0,0,pin32
chr16+27320181,0,0,0,0,0,0,0,1,0,0,pin32
chr16+28311360,0,0,0,0,0,0,0,1,0,0,pin32
chr16+29745329,0,0,2,0,0,0,0,0,0,0,pin32
chr16+30466082,0,0,0,0,0,1,0,0,0,0,pin32
chr16+30470605,0,0,0,0,0,0,0,1,0,0,pin32
chr16+30962298,0,0,1,0,0,0,0,0,0,0,pin32
chr16+31350921,0,0,0,0,0,0,0,1,0,0,pin32
chr16+31873189,0,0,0,0,0,0,0,1,0,0,pin32
chr16+48611319,0,0,0,0,0,0,0,1,0,0,pin32
chr16+50335048,0,0,0,0,0,0,0,1,0,0,pin32
chr16+50335101,0,0,0,0,0,0,0,1,0,0,pin32
chr16+53438559,0,0,0,0,0,0,0,1,0,0,pin32
chr16+56416675,0,0,1,0,0,0,0,0,0,0,pin32
chr16+56609823,0,0,0,0,0,0,0,1,0,0,pin32
chr16+58393194,0,1,0,0,0,0,0,0,0,0,pin32
chr16+59631472,0,0,1,0,0,0,0,0,0,0,pin32
chr16+6172019,0,0,1,0,0,0,0,0,0,0,pin32
chr16+66986891,0,0,0,0,0,0,0,1,0,0,pin32
chr16+691896,0,0,0,0,0,0,0,1,0,0,pin32
chr16+69913220,0,0,1,0,0,0,0,0,0,0,pin32
chr16+71817886,0,0,0,0,0,0,0,1,0,0,pin32
chr16+72481683,0,0,0,0,0,0,0,0,2,0,pin32
chr16+74053396,0,0,0,0,0,0,0,1,0,0,pin32
chr16+7691437,0,0,1,0,0,0,0,0,0,0,pin32
chr16+78099150,0,0,0,0,0,0,0,1,0,0,pin32
chr16+78790541,0,0,0,0,0,0,0,1,0,0,pin32
chr16+81719623,0,0,0,0,0,0,0,1,0,0,pin32
chr16+82654708,0,0,0,0,0,0,0,1,0,0,pin32
chr16+84514386,0,0,0,0,0,0,0,1,0,0,pin32
chr16+87806375,0,0,0,0,0,0,0,1,0,0,pin32
chr17-10699753,0,0,0,0,0,0,0,1,0,0,pin32
chr17-14195638,0,0,0,0,0,0,0,1,0,0,pin32
chr17-19463597,0,0,0,0,0,0,0,1,0,0,pin32
chr17-2069831,0,1,0,0,0,0,0,0,0,0,pin32
chr17-2081123,0,0,0,0,0,0,0,1,0,0,pin32
chr17-2246894,0,0,0,0,0,0,0,1,0,0,pin32
chr17-2267520,0,0,0,0,0,0,0,1,0,0,pin32
chr17-2271601,0,0,1,0,0,0,0,0,0,0,pin32
chr17-35215483,0,0,0,0,0,0,0,0,2,0,pin32
chr17-35537995,0,1,0,0,0,0,0,0,0,0,pin32
chr17-35578261,0,0,0,0,0,0,0,1,0,0,pin32
chr17-36484895,0,0,0,0,0,0,0,1,0,0,pin32
chr17-3719034,0,0,0,0,0,0,0,1,0,0,pin32
chr17-3766197,0,0,0,0,0,0,0,1,0,0,pin32
chr17-37762045,0,0,0,0,0,0,0,1,0,0,pin32
chr17-3787691,0,0,0,0,0,0,0,1,0,0,pin32
chr17-3807273,0,0,0,0,0,0,0,1,0,0,pin32
chr17-38316593,0,0,1,0,0,0,0,0,0,0,pin32
chr17-40597007,0,0,0,0,0,0,0,1,0,0,pin32
chr17-42194648,0,0,0,0,0,0,0,1,0,0,pin32
chr17-42341786,0,0,0,0,0,0,0,1,0,0,pin32
chr17-43483389,0,0,0,0,0,0,0,1,0,0,pin32
chr17-45226766,1,0,0,0,0,0,0,0,0,0,pin32
chr17-4714551,0,0,0,0,0,0,0,1,0,0,pin32
chr17-4800691,0,0,0,1,0,0,0,0,0,0,pin32
chr17-48441610,0,0,0,0,0,0,0,1,0,0,pin32
chr17-49668709,0,1,0,0,0,0,0,0,0,0,pin32
chr17-50308813,0,1,0,0,0,0,0,0,0,0,pin32
chr17-5049198,0,0,0,0,0,0,0,1,0,0,pin32
chr17-5234580,0,0,0,0,0,0,0,1,0,0,pin32
chr17-5283275,0,0,1,0,0,0,0,0,0,0,pin32
chr17-56915155,0,0,0,0,0,0,0,1,0,0,pin32
chr17-57284390,0,0,0,0,0,0,0,1,0,0,pin32
chr17-57289643,0,0,0,0,0,0,0,1,0,0,pin32
chr17-57441750,0,0,0,0,0,0,0,1,0,0,pin32
chr17-57461435,0,0,0,0,0,0,0,0,1,0,pin32
chr17-57464823,0,0,1,0,0,0,0,0,0,0,pin32
chr17-59437775,0,0,0,0,0,0,0,1,0,0,pin32
chr17-59790568,0,0,0,0,0,0,0,1,0,0,pin32
chr17-60284244,0,0,0,0,0,0,0,1,0,0,pin32
chr17-63486158,0,0,0,0,0,0,0,1,0,0,pin32
chr17-64064427,0,0,0,0,0,0,0,1,0,0,pin32
chr17-64389971,0,0,0,0,0,0,0,1,0,0,pin32
chr17-64709448,0,0,0,0,0,0,0,1,0,0,pin32
chr17-66677328,0,0,0,0,0,0,0,1,0,0,pin32
chr17-66706998,0,0,0,0,0,0,0,1,0,0,pin32
chr17-68238669,0,0,1,0,0,0,0,0,0,0,pin32
chr17-68291042,1,0,0,0,0,0,0,0,0,0,pin32
chr17-70060442,0,0,0,0,0,0,0,1,0,0,pin32
chr17-72864861,0,0,0,0,0,0,0,1,0,0,pin32
chr17-74742124,0,0,1,0,0,0,0,0,0,0,pin32
chr17-7573515,0,1,0,0,0,0,0,0,0,0,pin32
chr17-75785784,0,0,0,0,0,0,0,0,0,2,pin32
chr17-76063612,0,0,0,0,0,0,0,1,0,0,pin32
chr17-77454871,0,0,0,0,0,0,0,1,0,0,pin32
chr17-78131349,0,0,0,0,0,0,0,1,0,0,pin32
chr17-80257934,0,1,0,0,0,0,0,0,0,0,pin32
chr17-80679022,0,0,0,0,0,0,0,1,0,0,pin32
chr17-80782581,0,0,0,0,0,0,0,1,0,0,pin32
chr17-8163849,0,0,0,0,0,0,0,1,0,0,pin32
chr17-8901814,0,0,0,0,0,0,0,1,0,0,pin32
chr17-9116841,0,0,0,0,0,0,1,0,0,0,pin32
chr17+13018429,0,0,1,0,0,0,0,0,0,0,pin32
chr17+14118214,0,0,1,0,0,0,0,0,0,0,pin32
chr17+14196415,0,0,0,0,0,0,0,1,0,0,pin32
chr17+14302429,0,0,0,0,0,0,0,1,0,0,pin32
chr17+14818124,0,1,0,0,0,0,0,0,0,0,pin32
chr17+16216226,0,0,0,0,0,0,0,1,0,0,pin32
chr17+1699973,0,0,1,0,0,0,0,0,0,0,pin32
chr17+17851718,0,0,0,0,0,0,0,1,0,0,pin32
chr17+18922807,0,0,0,0,0,0,0,1,0,0,pin32
chr17+2086113,0,0,0,0,0,0,0,1,0,0,pin32
chr17+2086967,0,0,0,0,0,0,0,1,0,0,pin32
chr17+21098323,0,0,0,0,0,0,0,1,0,0,pin32
chr17+28952018,0,0,0,0,0,0,0,1,0,0,pin32
chr17+31316909,0,0,1,0,0,0,0,0,0,0,pin32
chr17+32332066,0,0,0,0,0,0,0,1,0,0,pin32
chr17+32340688,0,0,0,0,0,0,0,1,0,0,pin32
chr17+35341360,0,0,0,0,0,0,0,1,0,0,pin32
chr17+36148772,0,0,0,0,0,0,0,1,0,0,pin32
chr17+3807070,1,0,0,0,0,0,0,0,0,0,pin32
chr17+39755379,0,0,0,0,0,0,0,1,0,0,pin32
chr17+40321047,0,0,1,0,0,0,0,0,0,0,pin32
chr17+40540108,0,0,2,0,0,0,0,0,0,0,pin32
chr17+42566242,0,0,1,0,0,0,0,0,0,0,pin32
chr17+43314939,0,0,1,0,0,0,0,0,0,0,pin32
chr17+44139292,0,1,0,0,0,0,0,0,0,0,pin32
chr17+44222009,0,0,0,0,0,0,0,1,0,0,pin32
chr17+45312843,0,0,0,0,0,0,0,1,0,0,pin32
chr17+4727749,0,0,0,0,0,0,0,1,0,0,pin32
chr17+48101656,0,0,1,0,0,0,0,0,0,0,pin32
chr17+48439817,0,0,0,0,0,0,0,1,0,0,pin32
chr17+48544351,0,0,0,0,0,0,0,1,0,0,pin32
chr17+4988673,0,0,0,0,0,0,0,0,1,0,pin32
chr17+50162386,0,0,0,0,0,0,0,1,0,0,pin32
chr17+50825744,0,0,1,0,0,0,0,0,0,0,pin32
chr17+5282924,0,1,0,0,0,0,0,0,0,0,pin32
chr17+57426637,0,1,0,0,0,0,0,0,0,0,pin32
chr17+57450152,0,0,0,0,0,0,0,1,0,0,pin32
chr17+57465539,0,0,0,0,0,0,0,1,0,0,pin32
chr17+58342439,0,0,0,0,0,0,0,1,0,0,pin32
chr17+59756935,0,0,0,0,0,0,0,1,0,0,pin32
chr17+63066442,0,0,0,0,0,0,0,1,0,0,pin32
chr17+63702575,0,0,0,0,0,0,0,1,0,0,pin32
chr17+64107325,0,0,0,0,0,0,0,1,0,0,pin32
chr17+64395186,0,0,1,0,0,0,0,0,0,0,pin32
chr17+64708688,0,0,0,0,0,0,0,1,0,0,pin32
chr17+64714214,0,0,0,0,0,0,0,1,0,0,pin32
chr17+65180059,2,0,0,0,0,0,0,0,0,0,pin32
chr17+6645061,0,0,0,0,0,0,0,1,0,0,pin32
chr17+66493726,0,0,1,0,0,0,0,0,0,0,pin32
chr17+67403163,0,0,1,0,0,0,0,0,0,0,pin32
chr17+67478343,0,0,0,1,0,0,0,0,0,0,pin32
chr17+67480455,0,0,0,0,0,0,0,1,0,0,pin32
chr17+6754512,0,0,0,0,0,0,0,1,0,0,pin32
chr17+68508877,0,0,1,0,0,0,0,0,0,0,pin32
chr17+74473992,0,0,0,1,0,0,0,0,0,0,pin32
chr17+77188743,0,0,0,0,0,0,0,1,0,0,pin32
chr17+77440515,0,0,0,0,0,0,0,1,0,0,pin32
chr17+77473317,0,0,0,0,0,0,0,1,0,0,pin32
chr17+78383356,0,0,0,0,0,0,0,1,0,0,pin32
chr17+7868492,0,0,0,0,0,0,0,1,0,0,pin32
chr17+7871260,0,0,0,0,0,0,0,1,0,0,pin32
chr17+82107268,0,0,0,0,0,0,0,1,0,0,pin32
chr17+9273257,0,0,0,0,0,0,0,1,0,0,pin32
chr17+9387914,0,0,0,0,0,0,0,1,0,0,pin32
chr18-13376196,0,0,0,0,0,0,0,1,0,0,pin32
chr18-13566833,0,0,1,0,0,0,0,0,0,0,pin32
chr18-14189431,0,0,0,0,0,0,0,1,0,0,pin32
chr18-22967186,0,0,1,0,0,0,0,0,0,0,pin32
chr18-23225759,0,0,1,0,0,0,0,0,0,0,pin32
chr18-23230423,0,0,0,0,0,0,0,1,0,0,pin32
chr18-24054591,0,0,0,0,0,0,0,1,0,0,pin32
chr18-2958120,0,0,0,0,0,0,0,1,0,0,pin32
chr18-2982273,1,0,0,0,0,0,0,0,0,0,pin32
chr18-2982616,0,0,0,0,0,0,0,0,1,0,pin32
chr18-3037357,0,0,0,0,0,0,0,1,0,0,pin32
chr18-31830397,0,0,0,0,0,0,0,1,0,0,pin32
chr18-3447173,0,0,0,0,0,0,0,1,0,0,pin32
chr18-35478435,0,0,0,0,0,0,0,1,0,0,pin32
chr18-35763726,0,0,0,0,0,0,0,1,0,0,pin32
chr18-3624422,0,0,0,0,0,0,0,1,0,0,pin32
chr18-3649896,0,1,0,0,0,0,0,0,0,0,pin32
chr18-3661183,0,0,0,0,0,0,0,1,0,0,pin32
chr18-4264472,0,0,0,0,0,0,0,1,0,0,pin32
chr18-45671130,0,0,0,0,0,0,0,1,0,0,pin32
chr18-47899229,0,0,0,0,0,0,0,1,0,0,pin32
chr18-48818085,0,0,0,0,0,0,0,1,0,0,pin32
chr18-54261242,0,0,0,0,0,0,0,1,0,0,pin32
chr18-63321681,0,0,0,0,0,0,0,1,0,0,pin32
chr18-69885351,0,0,0,0,0,0,0,1,0,0,pin32
chr18-69899974,0,0,0,0,0,0,0,1,0,0,pin32
chr18-69955448,0,0,0,0,0,0,0,0,1,0,pin32
chr18-75247298,0,0,0,0,0,0,0,1,0,0,pin32
chr18-75247565,0,0,0,0,0,0,0,1,0,0,pin32
chr18-9096965,0,0,0,0,0,0,0,1,0,0,pin32
chr18+12999001,0,0,1,0,0,0,0,0,0,0,pin32
chr18+13374039,0,0,0,0,0,0,0,1,0,0,pin32
chr18+23929922,0,0,0,0,0,0,0,1,0,0,pin32
chr18+24048034,0,0,0,0,0,0,0,1,0,0,pin32
chr18+24459345,0,0,1,0,0,0,0,0,0,0,pin32
chr18+26228350,0,1,0,0,0,0,0,0,0,0,pin32
chr18+2982656,0,0,0,0,0,0,0,0,0,1,pin32
chr18+3058831,0,0,0,0,0,0,0,1,0,0,pin32
chr18+3178399,0,0,0,0,0,0,0,1,0,0,pin32
chr18+3260853,0,0,0,0,0,0,0,1,0,0,pin32
chr18+3305111,0,0,0,0,0,0,0,1,0,0,pin32
chr18+3446991,0,0,0,0,0,0,0,1,0,0,pin32
chr18+3484544,0,0,0,0,0,0,0,1,0,0,pin32
chr18+35241556,0,1,0,0,0,0,0,0,0,0,pin32
chr18+42084206,0,0,0,0,0,0,0,1,0,0,pin32
chr18+44506668,0,0,0,0,0,0,0,1,0,0,pin32
chr18+45688347,0,0,0,0,0,0,0,1,0,0,pin32
chr18+46895928,0,0,0,0,0,0,0,1,0,0,pin32
chr18+48926278,0,0,0,0,0,0,0,1,0,0,pin32
chr18+48929669,0,0,0,0,0,0,0,1,0,0,pin32
chr18+49812434,0,0,1,0,0,0,0,0,0,0,pin32
chr18+5283428,0,1,0,0,0,0,0,0,0,0,pin32
chr18+54210572,0,0,1,0,0,0,0,0,0,0,pin32
chr18+54264568,0,0,0,0,0,0,0,1,0,0,pin32
chr18+6004516,0,0,0,0,0,0,0,1,0,0,pin32
chr18+63949900,1,0,0,0,0,0,0,0,0,0,pin32
chr18+69953242,0,0,0,0,0,0,0,1,0,0,pin32
chr18+69954719,0,0,1,0,0,0,0,0,0,0,pin32
chr18+69959010,0,0,0,0,0,0,0,1,0,0,pin32
chr18+70193648,0,0,0,0,0,0,0,1,0,0,pin32
chr18+72179193,0,0,0,0,0,0,0,1,0,0,pin32
chr18+76821334,0,0,0,0,0,0,0,1,0,0,pin32
chr18+77055981,0,0,0,0,0,0,0,1,0,0,pin32
chr18+77072275,0,0,0,0,0,0,0,1,0,0,pin32
chr18+8369477,0,0,1,0,0,0,0,0,0,0,pin32
chr19-10408769,0,0,0,0,0,0,0,1,0,0,pin32
chr19-10411969,0,0,0,0,0,0,0,1,0,0,pin32
chr19-1101872,0,1,0,0,0,0,0,0,0,0,pin32
chr19-11095400,0,0,1,0,0,0,0,0,0,0,pin32
chr19-11376380,0,0,0,0,0,0,0,1,0,0,pin32
chr19-12784723,0,0,1,0,0,0,0,0,0,0,pin32
chr19-12795206,0,1,0,0,0,0,0,0,0,0,pin32
chr19-13788137,0,0,1,0,0,0,0,0,0,0,pin32
chr19-13840995,0,0,0,0,0,0,0,1,0,0,pin32
chr19-19596152,0,0,0,0,0,0,0,1,0,0,pin32
chr19-2723436,0,0,0,1,0,0,0,0,0,0,pin32
chr19-29690054,0,0,0,0,0,0,0,1,0,0,pin32
chr19-29941696,0,0,0,0,0,0,0,1,0,0,pin32
chr19-34989941,0,0,0,0,0,0,0,1,0,0,pin32
chr19-34997062,0,1,0,0,0,0,0,0,0,0,pin32
chr19-35710133,0,0,0,0,0,2,0,0,0,0,pin32
chr19-38977413,0,2,0,0,0,0,0,0,0,0,pin32
chr19-39847197,0,0,0,0,0,0,0,1,0,0,pin32
chr19-41547535,0,0,0,0,0,0,0,1,0,0,pin32
chr19-41862036,0,0,0,0,0,0,0,1,0,0,pin32
chr19-43700783,0,0,0,0,0,0,0,1,0,0,pin32
chr19-44141437,0,0,0,0,0,0,0,1,0,0,pin32
chr19-45016921,0,0,0,0,0,0,0,1,0,0,pin32
chr19-45563666,0,0,0,0,0,0,0,1,0,0,pin32
chr19-46351001,0,0,0,0,0,0,0,1,0,0,pin32
chr19-46616844,0,0,0,0,0,0,0,1,0,0,pin32
chr19-46956858,0,0,0,0,0,0,0,1,0,0,pin32
chr19-47486086,0,0,0,0,0,0,0,1,0,0,pin32
chr19-49755936,0,1,0,0,0,0,0,0,0,0,pin32
chr19-52132128,0,0,0,0,0,0,0,1,0,0,pin32
chr19-54450109,0,0,1,0,0,0,0,0,0,0,pin32
chr19-5949473,0,0,0,0,0,0,0,1,0,0,pin32
chr19-6032794,0,1,0,0,0,0,0,0,0,0,pin32
chr19-6738315,0,0,0,0,0,0,0,1,0,0,pin32
chr19-7428094,0,0,0,0,0,0,0,1,0,0,pin32
chr19-952410,0,0,0,0,0,0,0,1,0,0,pin32
chr19-9622221,0,0,0,0,0,0,0,1,0,0,pin32
chr19+10097039,0,1,0,0,0,0,0,0,0,0,pin32
chr19+10553192,0,0,0,0,0,0,0,1,0,0,pin32
chr19+11156312,0,1,0,0,0,0,0,0,0,0,pin32
chr19+11560420,0,0,1,0,0,0,0,0,0,0,pin32
chr19+11567939,0,0,0,0,0,0,0,1,0,0,pin32
chr19+13104938,0,0,0,0,0,0,0,1,0,0,pin32
chr19+16370614,0,0,0,0,0,0,0,1,0,0,pin32
chr19+16373399,0,0,1,0,0,0,0,0,0,0,pin32
chr19+18285385,0,0,0,0,0,0,0,1,0,0,pin32
chr19+19033978,0,0,0,0,0,0,0,1,0,0,pin32
chr19+19590546,0,0,0,0,0,0,0,1,0,0,pin32
chr19+19591968,0,0,0,0,0,0,0,1,0,0,pin32
chr19+19667959,0,0,0,0,0,0,0,1,0,0,pin32
chr19+20051697,0,0,0,0,0,0,0,1,0,0,pin32
chr19+21766241,0,1,0,0,0,0,0,0,0,0,pin32
chr19+23250940,0,0,0,0,0,0,0,1,0,0,pin32
chr19+23396615,0,0,0,0,0,0,0,1,0,0,pin32
chr19+33372968,0,0,1,0,0,0,0,0,0,0,pin32
chr19+34350656,0,0,0,0,0,0,0,1,0,0,pin32
chr19+35205402,0,1,0,0,0,0,0,0,0,0,pin32
chr19+40614573,0,0,0,0,0,0,0,1,0,0,pin32
chr19+41251688,0,0,0,0,0,0,0,1,0,0,pin32
chr19+41543338,0,0,0,0,0,0,0,1,0,0,pin32
chr19+42441945,0,0,1,0,0,0,0,0,0,0,pin32
chr19+42466578,0,0,0,0,0,0,0,1,0,0,pin32
chr19+43762821,0,0,0,0,0,0,0,1,0,0,pin32
chr19+45171908,0,0,1,0,0,0,0,0,0,0,pin32
chr19+47110706,0,0,0,0,0,0,0,1,0,0,pin32
chr19+48254401,0,0,0,0,0,0,0,1,0,0,pin32
chr19+48959384,0,0,0,0,0,0,0,1,0,0,pin32
chr19+49559639,0,0,0,0,0,0,0,1,0,0,pin32
chr19+51259090,0,0,0,0,0,0,0,1,0,0,pin32
chr19+54200183,0,0,0,0,0,0,0,1,0,0,pin32
chr19+56121715,0,0,0,0,0,0,0,1,0,0,pin32
chr19+57279250,0,0,0,0,0,0,0,1,0,0,pin32
chr19+6425905,0,0,1,0,0,0,0,0,0,0,pin32
chr19+7200775,0,0,1,0,0,0,0,0,0,0,pin32
chr2-101550191,0,0,0,0,0,0,0,1,0,0,pin32
chr2-102418120,0,0,0,0,0,0,0,1,0,0,pin32
chr2-106162736,0,0,0,0,0,0,0,1,0,0,pin32
chr2-108620389,0,0,0,0,0,0,0,1,0,0,pin32
chr2-108629244,0,0,0,0,0,0,0,1,0,0,pin32
chr2-110805443,0,0,0,0,0,0,0,1,0,0,pin32
chr2-112627323,0,0,0,0,0,0,0,1,0,0,pin32
chr2-112825315,0,0,1,0,0,0,0,0,0,0,pin32
chr2-113552296,0,0,0,0,0,0,0,1,0,0,pin32
chr2-119930332,0,0,0,0,0,0,0,1,0,0,pin32
chr2-12567361,0,0,0,0,0,0,0,1,0,0,pin32
chr2-127828573,0,0,0,0,0,0,0,1,0,0,pin32
chr2-135099934,0,0,0,0,0,0,0,1,0,0,pin32
chr2-136307274,0,0,0,0,0,0,0,1,0,0,pin32
chr2-148544735,0,0,0,0,0,0,0,1,0,0,pin32
chr2-149521358,0,0,0,0,0,0,0,1,0,0,pin32
chr2-152406376,0,0,0,0,0,0,0,1,0,0,pin32
chr2-157335080,0,0,0,0,0,0,0,1,0,0,pin32
chr2-161952231,0,0,0,0,0,0,0,1,0,0,pin32
chr2-161968103,0,0,0,0,0,0,0,1,0,0,pin32
chr2-161995214,0,0,0,0,0,0,0,1,0,0,pin32
chr2-164861080,0,0,0,0,0,0,0,1,0,0,pin32
chr2-170342430,0,0,0,0,0,0,0,1,0,0,pin32
chr2-171873233,0,0,1,0,0,0,0,0,0,0,pin32
chr2-177392081,0,0,0,0,0,0,0,1,0,0,pin32
chr2-179048478,0,0,0,0,0,0,1,0,0,0,pin32
chr2-179271373,0,0,1,0,0,0,0,0,0,0,pin32
chr2-181123064,0,0,0,0,0,0,0,1,0,0,pin32
chr2-181175932,0,0,0,0,0,0,0,1,0,0,pin32
chr2-181235600,0,0,0,0,0,0,0,1,0,0,pin32
chr2-190792194,0,0,0,0,0,0,0,1,0,0,pin32
chr2-191152669,0,0,0,0,0,0,0,1,0,0,pin32
chr2-192828543,0,0,0,0,0,0,0,1,0,0,pin32
chr2-196205479,0,0,0,0,0,0,0,1,0,0,pin32
chr2-1994793,0,0,0,0,4,0,0,0,0,0,pin32
chr2-200447540,0,0,0,0,0,0,0,1,0,0,pin32
chr2-20052375,0,0,0,0,0,0,0,1,0,0,pin32
chr2-200921879,0,0,1,0,0,0,0,0,0,0,pin32
chr2-200968937,0,0,0,0,0,0,0,1,0,0,pin32
chr2-201121395,0,0,0,0,0,0,0,1,0,0,pin32
chr2-201125033,0,0,0,0,0,0,0,1,0,0,pin32
chr2-205002892,0,0,0,0,0,0,0,1,0,0,pin32
chr2-205015020,0,0,0,0,0,0,0,1,0,0,pin32
chr2-212914043,0,0,0,0,0,0,0,1,0,0,pin32
chr2-212959288,0,0,0,0,0,0,0,1,0,0,pin32
chr2-216001019,0,0,1,0,0,0,0,0,0,0,pin32
chr2-216114686,0,0,0,0,0,0,0,1,0,0,pin32
chr2-228117421,0,0,2,0,0,0,0,0,0,0,pin32
chr2-229900015,0,0,0,0,0,0,0,1,0,0,pin32
chr2-231207730,0,0,0,0,1,0,0,0,0,0,pin32
chr2-233230102,0,0,0,0,0,0,0,1,0,0,pin32
chr2-234292193,0,0,0,0,0,0,0,1,0,0,pin32
chr2-237429734,0,0,1,0,0,0,0,0,0,0,pin32
chr2-237901662,0,0,0,0,0,0,0,1,0,0,pin32
chr2-241845615,0,0,0,0,0,0,0,1,0,0,pin32
chr2-25269106,0,0,1,0,0,0,0,0,0,0,pin32
chr2-25378002,0,0,0,0,0,0,0,1,0,0,pin32
chr2-27293852,0,0,1,0,0,0,0,0,0,0,pin32
chr2-27988108,0,0,0,0,0,0,0,1,0,0,pin32
chr2-30267881,0,0,0,0,0,0,0,1,0,0,pin32
chr2-317560,0,0,0,0,0,0,0,1,0,0,pin32
chr2-3559584,0,0,0,0,0,0,0,1,0,0,pin32
chr2-36959763,0,1,0,0,0,0,0,0,0,0,pin32
chr2-37625436,0,0,0,0,0,0,0,1,0,0,pin32
chr2-39225464,0,0,0,0,0,0,0,1,0,0,pin32
chr2-39227980,0,0,0,0,0,0,0,1,0,0,pin32
chr2-39995394,0,0,0,0,0,0,0,1,0,0,pin32
chr2-43221210,0,0,0,0,0,0,0,1,0,0,pin32
chr2-46179940,0,0,0,0,0,0,0,1,0,0,pin32
chr2-54570698,0,0,0,0,0,0,0,1,0,0,pin32
chr2-54573345,0,0,0,0,0,0,0,1,0,0,pin32
chr2-55370792,0,0,1,0,0,0,0,0,0,0,pin32
chr2-55519924,0,0,0,0,0,0,0,1,0,0,pin32
chr2-68740313,0,0,0,0,0,0,0,1,0,0,pin32
chr2-68754349,0,0,2,0,0,0,0,0,0,0,pin32
chr2-69693762,0,0,1,0,0,0,0,0,0,0,pin32
chr2-70085584,0,0,0,0,0,0,0,1,0,0,pin32
chr2-70141959,0,0,0,0,0,0,0,1,0,0,pin32
chr2-70974659,0,0,0,0,0,1,0,0,0,0,pin32
chr2-73563243,0,0,0,0,0,0,0,1,0,0,pin32
chr2-74567356,0,0,0,0,0,0,0,1,0,0,pin32
chr2-7523146,0,0,0,0,0,0,0,1,0,0,pin32
chr2-84459657,0,0,0,0,0,0,0,1,0,0,pin32
chr2-84907382,0,0,0,0,0,0,0,1,0,0,pin32
chr2-85125057,0,0,1,0,0,0,0,0,0,0,pin32
chr2-85887600,0,1,0,0,0,0,0,0,0,0,pin32
chr2-86601706,0,0,0,0,0,0,0,1,0,0,pin32
chr2-86836598,0,0,0,0,0,0,0,1,0,0,pin32
chr2-87054486,0,0,0,0,0,1,0,0,0,0,pin32
chr2-87521725,0,0,0,0,0,0,0,1,0,0,pin32
chr2-87572623,0,0,1,0,0,0,0,0,0,0,pin32
chr2-96162536,0,0,1,0,0,0,0,0,0,0,pin32
chr2-96815701,0,0,0,0,0,0,0,1,0,0,pin32
chr2-985619,0,0,0,0,0,0,0,1,0,0,pin32
chr2+10121060,0,0,1,0,0,0,0,0,0,0,pin32
chr2+101226069,0,0,0,0,0,0,0,1,0,0,pin32
chr2+105740506,0,0,0,0,0,0,0,1,0,0,pin32
chr2+106137918,0,0,0,0,0,1,0,0,0,0,pin32
chr2+106160380,0,0,0,0,0,0,0,1,0,0,pin32
chr2+111378193,0,0,1,0,0,0,0,0,0,0,pin32
chr2+111429101,0,0,0,0,0,0,0,1,0,0,pin32
chr2+113097206,0,0,0,0,0,0,0,1,0,0,pin32
chr2+119758851,0,0,0,0,0,1,0,0,0,0,pin32
chr2+126658761,0,0,0,0,0,0,0,1,0,0,pin32
chr2+134667027,0,0,0,0,0,0,0,1,0,0,pin32
chr2+144232599,0,0,1,0,0,0,0,0,0,0,pin32
chr2+144237452,0,0,0,0,0,0,0,1,0,0,pin32
chr2+15561427,0,0,0,0,0,0,0,1,0,0,pin32
chr2+156333211,0,0,0,0,0,0,0,1,0,0,pin32
chr2+156335532,0,0,0,0,0,0,0,1,0,0,pin32
chr2+157460911,0,0,0,0,0,0,0,1,0,0,pin32
chr2+157479989,0,0,0,0,0,0,0,1,0,0,pin32
chr2+168467323,0,0,0,0,0,0,0,1,0,0,pin32
chr2+171797877,0,0,0,0,0,0,0,1,0,0,pin32
chr2+174346323,0,0,0,0,0,0,0,0,1,0,pin32
chr2+174614061,0,0,0,0,0,0,0,1,0,0,pin32
chr2+178405264,0,0,0,0,0,0,0,1,0,0,pin32
chr2+190695287,0,0,0,1,0,0,0,0,0,0,pin32
chr2+193895197,0,0,0,0,0,0,0,0,2,0,pin32
chr2+195659731,0,0,0,0,0,0,0,1,0,0,pin32
chr2+198043772,0,0,1,0,0,0,0,0,0,0,pin32
chr2+200447051,0,0,0,0,0,0,0,1,0,0,pin32
chr2+201131876,0,0,0,0,0,0,0,1,0,0,pin32
chr2+203736472,0,0,0,0,0,0,0,1,0,0,pin32
chr2+204958523,0,0,0,0,0,0,0,1,0,0,pin32
chr2+207330854,0,0,0,0,0,0,0,1,0,0,pin32
chr2+211861196,0,0,1,0,0,0,0,0,0,0,pin32
chr2+217755078,0,0,0,0,0,0,0,1,0,0,pin32
chr2+224602690,0,1,0,0,0,0,0,0,0,0,pin32
chr2+225469854,0,0,0,1,0,0,0,0,0,0,pin32
chr2+227879019,0,0,1,0,0,0,0,0,0,0,pin32
chr2+230918430,0,0,1,0,0,0,0,0,0,0,pin32
chr2+230920335,0,0,1,0,0,0,0,0,0,0,pin32
chr2+230985290,0,0,0,0,0,0,0,1,0,0,pin32
chr2+232429528,0,0,0,0,0,0,0,1,0,0,pin32
chr2+234492988,0,0,0,0,0,0,0,1,0,0,pin32
chr2+23491090,0,0,1,0,0,0,0,0,0,0,pin32
chr2+236740732,0,1,0,0,0,0,0,0,0,0,pin32
chr2+238004668,0,0,0,0,1,0,0,0,0,0,pin32
chr2+238007113,0,0,0,0,0,0,0,1,0,0,pin32
chr2+25557350,0,0,0,0,0,0,0,1,0,0,pin32
chr2+25559644,0,1,0,0,0,0,0,0,0,0,pin32
chr2+28545085,0,0,0,0,0,0,0,1,0,0,pin32
chr2+29015724,0,0,0,0,0,0,0,1,0,0,pin32
chr2+30333230,0,0,0,0,0,0,0,1,0,0,pin32
chr2+3224546,0,0,0,0,0,0,0,1,0,0,pin32
chr2+32591870,0,0,0,0,0,0,0,1,0,0,pin32
chr2+38078968,0,0,0,0,0,0,0,1,0,0,pin32
chr2+39216361,0,0,0,0,0,0,0,1,0,0,pin32
chr2+42169905,0,0,0,0,0,0,0,1,0,0,pin32
chr2+430202,0,0,0,0,0,0,0,1,0,0,pin32
chr2+45842375,0,0,0,0,0,0,0,1,0,0,pin32
chr2+46942815,0,1,0,0,0,0,0,0,0,0,pin32
chr2+47752050,0,0,0,0,0,0,0,1,0,0,pin32
chr2+54571621,0,0,0,0,0,0,0,1,0,0,pin32
chr2+60867805,0,0,0,0,0,0,0,1,0,0,pin32
chr2+63856527,0,0,0,0,0,0,0,1,0,0,pin32
chr2+64986045,0,0,0,0,0,0,0,1,0,0,pin32
chr2+68373308,0,0,0,0,0,0,0,1,0,0,pin32
chr2+69643861,0,0,0,0,0,0,0,1,0,0,pin32
chr2+70132108,0,0,0,0,0,0,0,1,0,0,pin32
chr2+70848933,0,0,0,0,0,0,0,1,0,0,pin32
chr2+73829221,0,0,0,0,0,0,0,1,0,0,pin32
chr2+74199931,0,0,0,0,0,0,0,0,0,1,pin32
chr2+7744677,0,0,0,0,0,0,0,1,0,0,pin32
chr2+84945865,0,0,0,0,0,0,0,1,0,0,pin32
chr2+85405239,0,1,0,0,0,0,0,0,0,0,pin32
chr2+86199952,0,0,1,0,0,0,0,0,0,0,pin32
chr2+86742238,0,0,0,0,0,1,0,0,0,0,pin32
chr2+86791271,0,0,0,0,0,0,0,1,0,0,pin32
chr2+88273175,0,0,0,0,0,0,0,1,0,0,pin32
chr2+88637468,0,0,0,0,1,0,0,0,0,0,pin32
chr2+96164701,0,0,0,0,0,0,0,1,0,0,pin32
chr2+96491175,0,0,0,0,0,0,0,1,0,0,pin32
chr2+96525593,1,0,0,0,0,0,0,0,0,0,pin32
chr2+98450787,0,0,0,0,0,0,0,1,0,0,pin32
chr2+98692337,0,0,0,0,0,0,0,1,0,0,pin32
chr2+99180441,0,0,1,0,0,0,0,0,0,0,pin32
chr20-10381062,0,0,0,0,0,0,0,1,0,0,pin32
chr20-10447044,0,0,1,0,0,0,0,0,0,0,pin32
chr20-1329270,0,0,0,0,0,0,0,1,0,0,pin32
chr20-13321155,0,0,0,0,0,0,0,1,0,0,pin32
chr20-13431399,0,0,0,0,0,0,0,1,0,0,pin32
chr20-15199619,0,3,0,0,0,0,0,0,0,0,pin32
chr20-1664629,0,0,0,0,0,0,0,1,0,0,pin32
chr20-17971204,0,0,0,0,0,0,0,1,0,0,pin32
chr20-19541783,0,0,0,0,0,0,0,1,0,0,pin32
chr20-23399453,0,0,0,0,0,0,0,1,0,0,pin32
chr20-23761125,0,0,1,0,0,0,0,0,0,0,pin32
chr20-24949765,0,0,0,0,0,0,3,0,0,0,pin32
chr20-3011575,0,0,0,0,0,0,0,0,1,0,pin32
chr20-32283985,0,0,0,0,0,0,0,1,0,0,pin32
chr20-32354361,0,0,0,0,0,0,0,1,0,0,pin32
chr20-32751943,0,0,0,0,0,0,0,1,0,0,pin32
chr20-4082267,0,0,0,0,0,0,0,1,0,0,pin32
chr20-41141224,0,1,0,0,0,0,0,0,0,0,pin32
chr20-48761013,0,1,0,0,0,0,0,0,0,0,pin32
chr20-49220901,0,0,0,0,0,0,0,1,0,0,pin32
chr20-5079985,0,1,0,0,0,0,0,0,0,0,pin32
chr20-51404047,0,0,0,0,0,0,0,1,0,0,pin32
chr20-51479328,0,0,0,0,0,0,0,1,0,0,pin32
chr20-53077235,0,0,0,0,0,0,0,1,0,0,pin32
chr20-53622453,0,0,0,0,0,0,0,1,0,0,pin32
chr20-53863872,0,0,0,0,0,0,0,1,0,0,pin32
chr20-53866250,0,1,0,0,0,0,0,0,0,0,pin32
chr20-56416812,0,0,0,0,0,0,0,1,0,0,pin32
chr20-59165540,0,0,0,0,0,0,0,1,0,0,pin32
chr20-59929968,0,0,1,0,0,0,0,0,0,0,pin32
chr20-60055794,0,0,0,0,0,0,0,1,0,0,pin32
chr20-62954347,0,1,0,0,0,0,0,0,0,0,pin32
chr20-7560851,0,0,0,0,0,0,0,1,0,0,pin32
chr20+11899846,0,0,0,0,0,0,0,1,0,0,pin32
chr20+13969813,0,0,0,0,0,0,0,0,1,0,pin32
chr20+23400576,0,0,0,0,0,0,0,1,0,0,pin32
chr20+36519071,0,0,0,0,0,0,0,1,0,0,pin32
chr20+36592699,0,0,0,0,0,0,0,1,0,0,pin32
chr20+3799124,0,0,1,0,0,0,0,0,0,0,pin32
chr20+39071263,0,0,0,0,0,0,0,1,0,0,pin32
chr20+3981330,0,0,0,0,0,0,0,1,0,0,pin32
chr20+4062955,0,0,0,0,0,0,0,1,0,0,pin32
chr20+4134730,0,0,1,0,0,0,0,0,0,0,pin32
chr20+44961245,0,0,0,0,0,0,0,1,0,0,pin32
chr20+45461060,0,0,0,0,0,0,0,1,0,0,pin32
chr20+47534580,0,0,0,0,0,0,0,1,0,0,pin32
chr20+4812013,0,0,0,0,0,0,0,1,0,0,pin32
chr20+4974350,0,1,0,0,0,0,0,0,0,0,pin32
chr20+50339720,0,0,0,0,0,0,0,1,0,0,pin32
chr20+51182924,0,0,0,0,0,1,0,0,0,0,pin32
chr20+51404393,0,0,0,0,0,0,0,1,0,0,pin32
chr20+51697398,0,0,0,0,0,0,0,1,0,0,pin32
chr20+53063029,0,0,0,0,0,0,0,1,0,0,pin32
chr20+53622011,0,0,0,0,0,0,0,1,0,0,pin32
chr20+53752870,0,0,0,0,0,0,0,1,0,0,pin32
chr20+56415627,0,0,0,0,0,0,0,1,0,0,pin32
chr20+56440581,0,0,0,0,0,0,0,1,0,0,pin32
chr20+56462028,0,1,0,0,0,0,0,0,0,0,pin32
chr20+5751162,0,0,0,0,0,0,0,1,0,0,pin32
chr20+58271182,0,1,0,0,0,0,0,0,0,0,pin32
chr20+64011742,0,0,0,0,1,0,0,0,0,0,pin32
chr20+8400484,0,0,0,0,0,0,0,1,0,0,pin32
chr21-15422819,1,0,0,0,0,0,0,0,0,0,pin32
chr21-17820244,0,0,0,0,0,0,0,1,0,0,pin32
chr21-22396583,0,0,0,0,0,0,0,1,0,0,pin32
chr21-25184283,0,0,0,0,0,0,0,1,0,0,pin32
chr21-25462647,0,0,0,0,0,0,0,1,0,0,pin32
chr21-29018810,0,0,0,0,0,0,0,1,0,0,pin32
chr21-29435982,0,1,0,0,0,0,0,0,0,0,pin32
chr21-30719139,0,0,1,0,0,0,0,0,0,0,pin32
chr21-31180246,0,0,0,0,0,0,0,1,0,0,pin32
chr21-33540753,0,0,0,0,0,0,0,1,0,0,pin32
chr21-34517230,0,0,0,0,0,0,0,1,0,0,pin32
chr21-38983914,0,0,0,0,0,0,0,1,0,0,pin32
chr21-38984498,0,0,0,0,0,0,0,1,0,0,pin32
chr21-38984633,0,0,0,0,0,0,0,1,0,0,pin32
chr21-38986992,0,0,0,0,0,0,0,1,0,0,pin32
chr21-42234419,0,0,0,0,0,0,0,1,0,0,pin32
chr21-43785693,0,0,0,0,0,0,0,1,0,0,pin32
chr21-43866381,0,0,0,0,0,0,0,1,0,0,pin32
chr21-46635265,0,0,0,0,0,0,0,1,0,0,pin32
chr21+14482837,0,0,0,0,0,0,0,1,0,0,pin32
chr21+14527296,0,0,0,0,0,0,0,0,1,0,pin32
chr21+15671541,0,0,0,0,0,0,0,1,0,0,pin32
chr21+23675641,0,1,0,0,0,0,0,0,0,0,pin32
chr21+25459491,0,0,0,0,0,0,0,1,0,0,pin32
chr21+25511512,0,0,0,0,0,0,0,1,0,0,pin32
chr21+25571965,0,0,0,0,0,0,0,1,0,0,pin32
chr21+27108795,0,0,0,0,0,0,0,1,0,0,pin32
chr21+28765584,0,0,0,0,0,0,0,1,0,0,pin32
chr21+30712986,0,0,0,0,0,0,0,1,0,0,pin32
chr21+31182371,0,0,0,0,0,0,0,1,0,0,pin32
chr21+33244888,0,0,0,0,0,0,0,1,0,0,pin32
chr21+33931750,1,0,0,0,0,0,0,0,0,0,pin32
chr21+33937324,0,0,0,0,0,0,0,1,0,0,pin32
chr21+33949474,0,0,0,0,0,0,0,1,0,0,pin32
chr21+33949542,0,0,0,0,0,0,0,1,0,0,pin32
chr21+33974349,0,0,0,0,0,0,0,1,0,0,pin32
chr21+34936401,0,0,0,0,0,0,0,1,0,0,pin32
chr21+34940955,0,0,0,0,0,0,0,1,0,0,pin32
chr21+34960366,0,0,0,0,0,0,0,1,0,0,pin32
chr21+35044092,0,0,0,0,0,0,0,1,0,0,pin32
chr21+35044187,0,0,1,0,0,0,0,0,0,0,pin32
chr21+37226253,0,0,0,0,0,0,0,1,0,0,pin32
chr21+38977692,0,0,0,0,0,0,0,1,0,0,pin32
chr21+44748591,1,0,0,0,0,0,0,0,0,0,pin32
chr21+6368833,0,0,0,0,0,1,0,0,0,0,pin32
chr22-24434955,0,0,0,0,0,0,0,1,0,0,pin32
chr22-25749147,0,0,0,0,0,0,0,1,0,0,pin32
chr22-27920605,0,0,0,0,1,0,0,0,0,0,pin32
chr22-29122520,0,0,0,0,0,0,0,1,0,0,pin32
chr22-29374028,0,0,1,0,0,0,0,0,0,0,pin32
chr22-30105666,0,0,0,0,0,0,0,1,0,0,pin32
chr22-30139985,0,0,0,0,0,0,0,1,0,0,pin32
chr22-31212878,0,0,0,0,0,0,0,1,0,0,pin32
chr22-31343676,0,0,0,0,0,0,0,1,0,0,pin32
chr22-31536300,0,0,0,0,0,0,0,1,0,0,pin32
chr22-31538789,0,0,0,0,0,0,0,1,0,0,pin32
chr22-31544919,0,1,0,0,0,0,0,0,0,0,pin32
chr22-36331344,0,0,1,0,0,0,0,0,0,0,pin32
chr22-36874884,0,1,0,0,0,0,0,0,0,0,pin32
chr22-37485178,0,0,0,0,0,0,0,1,0,0,pin32
chr22-37485724,0,1,0,0,0,0,0,0,0,0,pin32
chr22-39148506,0,0,0,0,0,0,0,1,0,0,pin32
chr22-39918662,0,0,0,0,0,0,0,1,0,0,pin32
chr22-39933448,0,0,0,0,0,0,0,1,0,0,pin32
chr22-40324821,0,0,0,0,0,0,0,1,0,0,pin32
chr22-41518932,0,0,1,0,0,0,0,0,0,0,pin32
chr22-42087622,0,0,1,0,0,0,0,0,0,0,pin32
chr22-44684212,0,0,0,0,0,0,0,1,0,0,pin32
chr22+18109826,0,0,0,0,0,0,0,1,0,0,pin32
chr22+18150537,0,2,0,0,0,0,0,0,0,0,pin32
chr22+20508659,1,0,0,0,0,0,0,0,0,0,pin32
chr22+22932318,0,0,0,0,0,0,0,1,0,0,pin32
chr22+22932723,0,0,0,0,0,0,0,1,0,0,pin32
chr22+23819693,0,0,1,0,0,0,0,0,0,0,pin32
chr22+24428688,0,0,0,0,0,0,0,1,0,0,pin32
chr22+28801460,0,0,0,0,0,0,0,1,0,0,pin32
chr22+29838648,0,0,1,0,0,0,0,0,0,0,pin32
chr22+30101983,0,2,0,0,0,0,0,0,0,0,pin32
chr22+30101990,0,1,0,0,0,0,0,0,0,0,pin32
chr22+30186753,0,0,0,0,0,0,0,1,0,0,pin32
chr22+30190085,0,0,0,0,0,0,0,1,0,0,pin32
chr22+30739757,0,0,0,0,0,0,0,1,0,0,pin32
chr22+35051184,0,1,0,0,0,0,0,0,0,0,pin32
chr22+35399196,0,0,0,0,0,0,0,1,0,0,pin32
chr22+35481928,0,0,1,0,0,0,0,0,0,0,pin32
chr22+35603524,0,0,0,0,0,0,0,1,0,0,pin32
chr22+36332251,0,0,0,0,0,0,0,1,0,0,pin32
chr22+36368873,0,0,1,0,0,0,0,0,0,0,pin32
chr22+36859445,1,0,0,0,0,0,0,0,0,0,pin32
chr22+36860202,0,0,0,0,0,0,0,1,0,0,pin32
chr22+36863276,0,0,0,0,0,0,0,1,0,0,pin32
chr22+36904196,0,0,0,0,0,0,0,1,0,0,pin32
chr22+38795094,0,0,0,0,0,0,0,1,0,0,pin32
chr22+39117333,0,0,0,0,0,0,0,1,0,0,pin32
chr22+39926273,0,0,0,0,0,0,0,1,0,0,pin32
chr22+39937449,0,0,1,0,0,0,0,0,0,0,pin32
chr22+40416217,0,0,0,0,0,0,0,1,0,0,pin32
chr22+40464557,0,0,0,0,0,0,0,1,0,0,pin32
chr22+44182313,0,0,0,0,0,0,0,1,0,0,pin32
chr22+44805872,0,0,1,0,0,0,0,0,0,0,pin32
chr22+46791819,0,0,0,0,0,0,0,1,0,0,pin32
chr22+46856094,0,0,0,0,0,1,0,0,0,0,pin32
chr3-100081241,0,0,0,0,0,0,0,1,0,0,pin32
chr3-100087755,0,0,0,0,0,0,0,1,0,0,pin32
chr3-100105048,0,0,0,0,0,0,0,1,0,0,pin32
chr3-101560164,1,0,0,0,0,0,0,0,0,0,pin32
chr3-101827677,0,0,0,0,0,0,0,1,0,0,pin32
chr3-101913121,0,0,0,0,0,0,0,1,0,0,pin32
chr3-101937128,0,0,1,0,0,0,0,0,0,0,pin32
chr3-102113832,0,0,0,0,0,0,0,1,0,0,pin32
chr3-102180231,0,0,0,0,0,0,0,1,0,0,pin32
chr3-106457647,0,0,1,0,0,0,0,0,0,0,pin32
chr3-110621582,0,0,1,0,0,0,0,0,0,0,pin32
chr3-111609929,0,0,0,0,0,0,0,1,0,0,pin32
chr3-111611838,0,1,0,0,0,0,0,0,0,0,pin32
chr3-112960002,0,0,1,0,0,0,0,0,0,0,pin32
chr3-114217907,0,0,0,0,0,0,0,1,0,0,pin32
chr3-114218682,0,0,0,0,0,0,0,1,0,0,pin32
chr3-114324700,0,0,0,0,0,0,0,1,0,0,pin32
chr3-114338751,0,0,0,0,0,0,0,1,0,0,pin32
chr3-119600100,0,0,0,0,0,0,0,1,0,0,pin32
chr3-122528872,0,0,0,0,0,0,0,0,2,0,pin32
chr3-122563620,0,0,1,0,0,0,0,0,0,0,pin32
chr3-124458106,0,0,1,0,0,0,0,0,0,0,pin32
chr3-127835966,0,0,0,0,1,0,0,0,0,0,pin32
chr3-129224811,0,1,0,0,0,0,0,0,0,0,pin32
chr3-13012027,1,0,0,0,0,0,0,0,0,0,pin32
chr3-131503489,0,0,1,0,0,0,0,0,0,0,pin32
chr3-133856222,1,0,0,0,0,0,0,0,0,0,pin32
chr3-138297797,0,0,1,0,0,0,0,0,0,0,pin32
chr3-142448500,0,0,1,0,0,0,0,0,0,0,pin32
chr3-146541447,0,0,0,0,0,0,0,1,0,0,pin32
chr3-151203356,0,0,0,0,0,0,0,1,0,0,pin32
chr3-151205346,0,0,0,0,0,0,0,1,0,0,pin32
chr3-152497467,0,0,0,0,0,0,0,1,0,0,pin32
chr3-156821997,0,0,0,0,0,0,0,1,0,0,pin32
chr3-177195892,0,0,0,0,0,0,0,1,0,0,pin32
chr3-177681835,0,0,0,0,0,0,0,1,0,0,pin32
chr3-178002759,0,0,1,0,0,0,0,0,0,0,pin32
chr3-184155773,0,0,0,0,0,0,0,1,0,0,pin32
chr3-18447816,0,0,0,0,0,0,0,1,0,0,pin32
chr3-184811741,0,0,0,0,0,0,0,1,0,0,pin32
chr3-186881443,0,0,0,0,0,0,0,1,0,0,pin32
chr3-188155002,0,0,0,0,0,0,0,1,0,0,pin32
chr3-188257489,0,0,0,0,0,0,0,1,0,0,pin32
chr3-188310276,0,0,0,0,0,0,0,1,0,0,pin32
chr3-189301117,0,0,1,0,0,0,0,0,0,0,pin32
chr3-192892378,0,0,0,0,0,0,0,1,0,0,pin32
chr3-195955453,0,0,0,0,1,0,0,0,0,0,pin32
chr3-196181235,0,0,0,0,0,0,0,1,0,0,pin32
chr3-197252377,0,0,0,0,0,0,0,1,0,0,pin32
chr3-197655759,0,0,0,0,1,0,0,0,0,0,pin32
chr3-33046471,0,0,0,0,0,0,0,1,0,0,pin32
chr3-39324365,0,0,0,0,0,0,0,1,0,0,pin32
chr3-39348783,0,0,1,0,0,0,0,0,0,0,pin32
chr3-39360747,0,0,0,0,0,0,0,1,0,0,pin32
chr3-45568230,0,0,0,0,0,0,0,1,0,0,pin32
chr3-45593113,0,0,0,0,0,0,0,1,0,0,pin32
chr3-45974364,0,0,0,0,0,0,0,1,0,0,pin32
chr3-46075211,0,0,0,0,0,0,0,1,0,0,pin32
chr3-46266453,0,0,0,0,0,0,0,1,0,0,pin32
chr3-46284816,0,1,0,0,0,0,0,0,0,0,pin32
chr3-4706987,0,0,0,0,0,0,0,1,0,0,pin32
chr3-50088681,0,0,0,0,0,0,0,1,0,0,pin32
chr3-5036563,0,0,0,0,0,0,0,1,0,0,pin32
chr3-50601799,0,0,0,0,0,0,0,1,0,0,pin32
chr3-50608926,0,0,0,0,0,0,0,1,0,0,pin32
chr3-5090318,0,0,0,0,0,0,0,1,0,0,pin32
chr3-58332063,0,0,0,0,0,0,0,1,0,0,pin32
chr3-69064748,0,0,0,0,0,0,0,1,0,0,pin32
chr3-69084092,0,0,0,0,0,0,0,1,0,0,pin32
chr3-69097115,0,0,0,0,0,0,0,1,0,0,pin32
chr3-69211537,0,0,0,0,0,0,0,1,0,0,pin32
chr3-71131347,0,0,0,0,0,0,0,1,0,0,pin32
chr3-71985950,0,0,0,0,0,0,0,1,0,0,pin32
chr3-76555073,0,0,0,0,0,1,0,0,0,0,pin32
chr3-97980886,0,0,0,0,0,0,0,1,0,0,pin32
chr3-98784485,0,0,0,0,0,0,0,1,0,0,pin32
chr3+10026269,0,0,0,0,0,0,0,1,0,0,pin32
chr3+101834517,0,0,0,0,0,0,0,1,0,0,pin32
chr3+101998857,0,0,0,0,0,0,0,1,0,0,pin32
chr3+106145532,0,0,0,0,0,0,0,1,0,0,pin32
chr3+106192055,0,0,0,0,0,0,0,1,0,0,pin32
chr3+106198009,0,0,1,0,0,0,0,0,0,0,pin32
chr3+106217278,0,0,0,0,0,0,0,1,0,0,pin32
chr3+107524660,0,0,0,0,0,0,0,1,0,0,pin32
chr3+108834555,0,0,0,0,0,0,0,1,0,0,pin32
chr3+108846638,0,0,0,0,0,0,0,1,0,0,pin32
chr3+111597892,0,0,0,0,0,0,0,1,0,0,pin32
chr3+111608301,0,0,0,0,0,0,0,1,0,0,pin32
chr3+112959455,0,0,0,0,0,0,0,1,0,0,pin32
chr3+122066403,0,0,0,0,0,0,0,1,0,0,pin32
chr3+122080193,0,0,0,0,0,0,0,1,0,0,pin32
chr3+122100950,0,0,0,0,0,0,0,1,0,0,pin32
chr3+127808146,0,0,0,0,0,0,0,1,0,0,pin32
chr3+128814510,0,0,1,0,0,0,0,0,0,0,pin32
chr3+132569930,0,0,0,0,0,0,0,1,0,0,pin32
chr3+136933313,0,0,0,0,0,0,0,1,0,0,pin32
chr3+137988609,0,0,0,0,0,0,0,1,0,0,pin32
chr3+142216915,0,0,0,0,0,0,0,1,0,0,pin32
chr3+148990555,0,0,0,0,0,0,0,1,0,0,pin32
chr3+151200490,0,0,0,0,0,0,0,1,0,0,pin32
chr3+151278831,0,0,0,0,0,0,0,1,0,0,pin32
chr3+156817794,0,0,0,0,0,0,0,1,0,0,pin32
chr3+163593466,0,0,0,1,0,0,0,0,0,0,pin32
chr3+17183632,1,0,0,0,0,0,0,0,0,0,pin32
chr3+172685387,0,0,0,0,0,0,0,1,0,0,pin32
chr3+177143684,0,0,0,0,0,0,0,1,0,0,pin32
chr3+178002525,0,0,0,0,0,0,0,1,0,0,pin32
chr3+179653377,0,0,0,0,0,0,0,1,0,0,pin32
chr3+184423883,0,0,0,0,0,1,0,0,0,0,pin32
chr3+185292780,0,0,0,0,0,1,0,0,0,0,pin32
chr3+18557395,0,0,0,0,0,0,0,1,0,0,pin32
chr3+185688374,0,0,1,0,0,0,0,0,0,0,pin32
chr3+18715487,0,0,0,0,0,0,0,1,0,0,pin32
chr3+18716476,0,0,0,0,0,0,0,1,0,0,pin32
chr3+187928062,0,0,0,0,0,0,0,1,0,0,pin32
chr3+188283314,0,0,0,0,0,0,0,1,0,0,pin32
chr3+188290402,0,0,1,0,0,0,0,0,0,0,pin32
chr3+189131590,0,0,0,0,0,0,0,1,0,0,pin32
chr3+194584624,0,0,0,0,0,0,0,1,0,0,pin32
chr3+195634186,0,0,0,0,1,0,0,0,0,0,pin32
chr3+195806893,0,0,0,0,0,0,0,1,0,0,pin32
chr3+196624171,0,0,1,0,0,0,0,0,0,0,pin32
chr3+20099970,0,0,0,0,0,0,0,1,0,0,pin32
chr3+3114687,0,0,0,0,0,0,0,1,0,0,pin32
chr3+33708551,0,0,0,0,0,0,0,1,0,0,pin32
chr3+39043474,0,0,1,0,0,0,0,0,0,0,pin32
chr3+39267446,0,0,0,0,0,0,0,1,0,0,pin32
chr3+45689858,0,0,1,0,0,0,0,0,0,0,pin32
chr3+45964681,0,0,0,0,0,0,1,0,0,0,pin32
chr3+45980984,0,0,1,0,0,0,0,0,0,0,pin32
chr3+46097104,0,1,0,0,0,0,0,0,0,0,pin32
chr3+46097112,0,1,0,0,0,0,0,0,0,0,pin32
chr3+4721497,0,0,0,0,0,0,0,1,0,0,pin32
chr3+4830539,0,0,1,0,0,0,0,0,0,0,pin32
chr3+4845182,0,0,0,0,0,0,0,1,0,0,pin32
chr3+4901292,0,0,0,0,0,0,0,1,0,0,pin32
chr3+49340985,0,0,0,0,0,0,0,1,0,0,pin32
chr3+5017990,0,0,0,0,0,0,0,1,0,0,pin32
chr3+5091965,0,0,0,0,0,0,0,1,0,0,pin32
chr3+52705288,0,0,0,0,0,0,0,1,0,0,pin32
chr3+53101824,0,0,0,0,0,0,0,1,0,0,pin32
chr3+56789594,0,0,0,0,0,0,0,1,0,0,pin32
chr3+57228430,0,0,1,0,0,0,0,0,0,0,pin32
chr3+58900349,0,0,0,0,0,0,0,1,0,0,pin32
chr3+59871397,0,0,0,0,0,0,0,1,0,0,pin32
chr3+63896738,0,0,0,0,1,0,0,0,0,0,pin32
chr3+66301600,0,0,0,0,0,0,0,1,0,0,pin32
chr3+67083435,0,0,0,0,0,0,0,1,0,0,pin32
chr3+69327817,0,0,0,0,0,0,0,1,0,0,pin32
chr3+71047188,0,1,0,0,0,0,0,0,0,0,pin32
chr3+71979358,0,0,0,0,0,0,0,1,0,0,pin32
chr3+87084358,0,0,0,0,0,0,0,1,0,0,pin32
chr3+87632215,0,0,0,0,0,0,0,1,0,0,pin32
chr3+98553998,0,0,0,0,0,0,0,1,0,0,pin32
chr3+98557153,0,0,1,0,0,0,0,0,0,0,pin32
chr3+98573457,0,0,0,0,0,0,0,1,0,0,pin32
chr4-101154352,0,0,0,0,0,0,0,1,0,0,pin32
chr4-10182354,0,0,0,0,1,0,0,0,0,0,pin32
chr4-102613890,0,0,0,0,0,0,0,1,0,0,pin32
chr4-10671719,0,0,1,0,0,0,0,0,0,0,pin32
chr4-10722359,0,0,0,0,0,0,0,1,0,0,pin32
chr4-10728328,0,1,0,0,0,0,0,0,0,0,pin32
chr4-110085816,0,0,0,0,0,0,0,1,0,0,pin32
chr4-110486409,0,0,0,0,0,0,0,1,0,0,pin32
chr4-112232883,0,0,0,0,0,0,0,1,0,0,pin32
chr4-112736798,0,0,0,0,0,0,0,1,0,0,pin32
chr4-118173111,0,0,0,0,1,0,0,0,0,0,pin32
chr4-119233461,0,0,0,0,0,0,0,1,0,0,pin32
chr4-1192435,0,0,0,0,0,0,0,1,0,0,pin32
chr4-119362493,0,0,0,0,0,0,0,1,0,0,pin32
chr4-121148228,0,0,0,0,0,0,0,1,0,0,pin32
chr4-122549932,0,0,0,0,0,0,0,1,0,0,pin32
chr4-122710105,0,0,0,0,0,0,0,1,0,0,pin32
chr4-123445607,0,0,0,0,0,0,0,1,0,0,pin32
chr4-123487441,0,0,0,0,0,0,0,1,0,0,pin32
chr4-140071338,0,0,0,0,0,0,0,1,0,0,pin32
chr4-143513282,0,0,0,0,0,0,0,1,0,0,pin32
chr4-151016552,0,0,0,0,0,0,0,1,0,0,pin32
chr4-151098821,0,0,0,0,0,0,0,1,0,0,pin32
chr4-151435615,0,0,1,0,0,0,0,0,0,0,pin32
chr4-153522332,0,0,0,0,0,0,0,1,0,0,pin32
chr4-155973953,0,0,0,0,0,0,0,1,0,0,pin32
chr4-15771980,0,0,0,0,0,0,0,1,0,0,pin32
chr4-169604553,0,0,0,0,0,0,0,1,0,0,pin32
chr4-175336526,0,0,1,0,0,0,0,0,0,0,pin32
chr4-176397981,0,0,0,0,0,0,0,1,0,0,pin32
chr4-184279255,0,0,0,0,0,0,0,1,0,0,pin32
chr4-185345117,0,0,0,0,0,0,0,1,0,0,pin32
chr4-25321460,0,0,0,0,0,0,0,1,0,0,pin32
chr4-25938383,0,1,0,0,0,0,0,0,0,0,pin32
chr4-36285567,0,0,0,0,0,0,0,1,0,0,pin32
chr4-36308239,0,0,0,0,0,0,0,1,0,0,pin32
chr4-38939862,0,0,0,0,0,0,0,1,0,0,pin32
chr4-39753951,0,0,1,0,0,0,0,0,0,0,pin32
chr4-41934821,0,0,0,0,0,0,0,1,0,0,pin32
chr4-42672831,0,0,0,0,0,0,0,1,0,0,pin32
chr4-67547755,0,0,0,0,0,0,0,1,0,0,pin32
chr4-67575980,0,0,0,0,0,0,0,1,0,0,pin32
chr4-67582868,0,0,0,0,0,0,0,1,0,0,pin32
chr4-69768427,0,0,0,0,0,0,0,1,0,0,pin32
chr4-73731992,0,0,0,0,0,0,0,1,0,0,pin32
chr4-75698282,0,0,1,0,0,0,0,0,0,0,pin32
chr4-76983786,0,0,0,0,0,0,0,1,0,0,pin32
chr4-83114263,0,0,0,0,0,0,0,1,0,0,pin32
chr4-83559909,0,0,0,0,0,0,0,1,0,0,pin32
chr4-87054343,0,0,0,0,0,0,0,1,0,0,pin32
chr4-88244724,0,0,0,0,0,0,0,1,0,0,pin32
chr4-88393532,0,0,0,0,0,0,0,1,0,0,pin32
chr4-89294896,0,0,0,0,0,0,0,1,0,0,pin32
chr4-89307294,0,0,0,0,0,0,0,1,0,0,pin32
chr4-93275183,0,0,0,0,0,0,0,1,0,0,pin32
chr4-94345881,0,0,0,0,0,0,0,1,0,0,pin32
chr4-99855475,0,0,0,0,0,0,0,1,0,0,pin32
chr4+102826553,0,0,0,0,0,0,0,1,0,0,pin32
chr4+109645897,0,0,0,0,0,0,0,1,0,0,pin32
chr4+110526220,0,0,0,0,0,0,0,1,0,0,pin32
chr4+112286604,0,0,0,0,0,0,0,1,0,0,pin32
chr4+112290647,0,0,0,0,0,0,0,1,0,0,pin32
chr4+121138617,0,1,0,0,0,0,0,0,0,0,pin32
chr4+122547602,0,0,0,1,0,0,0,0,0,0,pin32
chr4+122661601,0,0,1,0,0,0,0,0,0,0,pin32
chr4+123419813,0,0,0,0,0,0,0,1,0,0,pin32
chr4+123479416,0,0,0,0,0,0,0,1,0,0,pin32
chr4+140116187,0,0,0,0,0,0,0,1,0,0,pin32
chr4+143512150,0,0,0,0,0,0,0,1,0,0,pin32
chr4+145178383,0,0,0,0,0,0,0,1,0,0,pin32
chr4+145811881,0,0,0,0,0,0,0,1,0,0,pin32
chr4+149081138,0,0,1,0,0,0,0,0,0,0,pin32
chr4+149984651,0,0,0,0,0,0,0,1,0,0,pin32
chr4+15781123,0,0,1,0,0,0,0,0,0,0,pin32
chr4+165210381,0,0,0,0,0,0,0,1,0,0,pin32
chr4+176321640,0,0,0,0,0,0,0,1,0,0,pin32
chr4+17788419,0,0,0,0,0,0,0,1,0,0,pin32
chr4+182918216,0,0,0,0,0,0,0,1,0,0,pin32
chr4+184269537,0,1,0,0,0,0,0,0,0,0,pin32
chr4+184280001,0,0,0,0,0,0,0,1,0,0,pin32
chr4+184312617,0,0,0,0,0,0,0,1,0,0,pin32
chr4+184313112,0,0,0,0,0,0,0,1,0,0,pin32
chr4+184669745,0,0,0,0,0,1,0,0,0,0,pin32
chr4+25322405,0,1,0,0,0,0,0,0,0,0,pin32
chr4+26194159,0,0,0,0,0,0,0,1,0,0,pin32
chr4+26197264,0,0,0,0,0,0,0,1,0,0,pin32
chr4+2690477,0,0,0,0,0,0,0,1,0,0,pin32
chr4+2836735,0,0,1,0,0,0,0,0,0,0,pin32
chr4+39353335,0,0,0,0,0,0,0,1,0,0,pin32
chr4+40195123,0,0,0,0,0,0,0,1,0,0,pin32
chr4+40703616,0,0,0,0,0,0,0,1,0,0,pin32
chr4+42672615,0,1,0,0,0,0,0,0,0,0,pin32
chr4+48129154,0,0,1,0,0,0,0,0,0,0,pin32
chr4+56654178,0,0,0,0,0,0,0,1,0,0,pin32
chr4+68250202,0,0,0,0,0,0,0,1,0,0,pin32
chr4+69760480,0,0,0,0,0,0,0,1,0,0,pin32
chr4+70844004,0,1,0,0,0,0,0,0,0,0,pin32
chr4+74624616,0,0,0,0,0,0,0,1,0,0,pin32
chr4+77032057,0,0,0,0,0,0,0,1,0,0,pin32
chr4+77194033,0,0,1,0,0,0,0,0,0,0,pin32
chr4+77844790,1,0,0,0,0,0,0,0,0,0,pin32
chr4+77853522,0,0,0,0,0,0,0,1,0,0,pin32
chr4+77856180,0,0,0,0,0,0,0,1,0,0,pin32
chr4+80139415,0,0,0,0,0,0,0,1,0,0,pin32
chr4+88612424,0,0,0,0,0,0,0,1,0,0,pin32
chr4+89295471,1,0,0,0,0,0,0,0,0,0,pin32
chr4+89300154,0,0,0,0,0,0,0,1,0,0,pin32
chr4+98627995,0,1,0,0,0,0,0,0,0,0,pin32
chr5-100859781,0,0,1,0,0,0,0,0,0,0,pin32
chr5-100890239,0,0,0,0,0,0,0,1,0,0,pin32
chr5-102591570,0,0,0,0,0,0,0,1,0,0,pin32
chr5-114534376,0,0,0,0,0,0,0,1,0,0,pin32
chr5-119334463,0,0,0,0,0,0,0,1,0,0,pin32
chr5-120442788,0,0,0,0,0,0,0,1,0,0,pin32
chr5-123549848,0,0,0,0,0,0,0,1,0,0,pin32
chr5-127704070,0,0,1,0,0,0,0,0,0,0,pin32
chr5-132179071,0,0,0,0,0,0,0,1,0,0,pin32
chr5-132205044,0,0,0,0,0,0,0,1,0,0,pin32
chr5-133870683,0,0,0,0,0,0,0,1,0,0,pin32
chr5-134504054,0,0,0,0,2,0,0,0,0,0,pin32
chr5-137695291,0,0,0,0,0,0,0,0,1,0,pin32
chr5-139448292,0,0,0,0,0,0,0,1,0,0,pin32
chr5-141605602,0,0,0,0,0,0,0,1,0,0,pin32
chr5-14408264,0,0,0,0,0,0,0,1,0,0,pin32
chr5-14670049,0,0,0,0,0,1,0,0,0,0,pin32
chr5-149346228,0,0,1,0,0,0,0,0,0,0,pin32
chr5-156488329,0,0,0,1,0,0,0,0,0,0,pin32
chr5-157153042,0,1,0,0,0,0,0,0,0,0,pin32
chr5-157178290,0,0,0,0,0,0,0,1,0,0,pin32
chr5-157464495,0,0,0,0,0,0,0,1,0,0,pin32
chr5-175652921,0,0,0,0,0,0,0,1,0,0,pin32
chr5-176902645,0,0,0,0,0,0,0,1,0,0,pin32
chr5-215205,0,0,0,0,0,0,0,1,0,0,pin32
chr5-335096,0,0,1,0,0,0,0,0,0,0,pin32
chr5-39213291,0,0,0,0,0,0,0,1,0,0,pin32
chr5-41748237,0,0,1,0,0,0,0,0,0,0,pin32
chr5-43305399,0,0,0,0,0,0,0,1,0,0,pin32
chr5-43314757,0,0,0,0,0,0,0,1,0,0,pin32
chr5-52709978,0,0,0,0,0,0,0,1,0,0,pin32
chr5-55762634,0,0,0,0,0,0,0,1,0,0,pin32
chr5-56736635,0,0,0,0,0,0,0,1,0,0,pin32
chr5-58889368,0,0,0,0,0,0,0,1,0,0,pin32
chr5-59123362,0,0,0,0,0,0,0,0,1,0,pin32
chr5-62232213,0,1,0,0,0,0,0,0,0,0,pin32
chr5-6273423,0,0,1,0,0,0,0,0,0,0,pin32
chr5-64767967,0,0,0,0,0,0,0,1,0,0,pin32
chr5-65721633,0,0,0,0,0,0,0,1,0,0,pin32
chr5-66143914,0,0,0,0,1,0,0,0,0,0,pin32
chr5-66842716,0,0,0,0,0,0,0,1,0,0,pin32
chr5-68407040,0,0,1,0,0,0,0,0,0,0,pin32
chr5-78421951,0,0,0,0,0,0,0,1,0,0,pin32
chr5-80756432,0,0,0,0,0,0,0,1,0,0,pin32
chr5-81778986,0,0,0,0,0,0,0,1,0,0,pin32
chr5-95821424,0,0,0,0,0,0,0,1,0,0,pin32
chr5-96065963,0,1,0,0,0,0,0,0,0,0,pin32
chr5-96083331,0,1,0,0,0,0,0,0,0,0,pin32
chr5+10632975,0,0,1,0,0,0,0,0,0,0,pin32
chr5+111229703,0,0,0,0,0,0,0,1,0,0,pin32
chr5+111235130,0,0,0,0,0,0,0,1,0,0,pin32
chr5+119288068,0,0,0,0,0,0,0,1,0,0,pin32
chr5+119310351,0,0,0,0,0,0,0,1,0,0,pin32
chr5+119328640,0,0,0,0,0,0,0,1,0,0,pin32
chr5+131069995,0,0,1,0,0,0,0,0,0,0,pin32
chr5+131636683,0,0,0,0,0,1,0,0,0,0,pin32
chr5+137755420,0,0,0,0,0,0,0,1,0,0,pin32
chr5+139442209,0,0,0,0,0,0,0,1,0,0,pin32
chr5+14264013,0,0,0,0,0,0,0,1,0,0,pin32
chr5+142820856,0,0,0,0,0,0,0,1,0,0,pin32
chr5+14560334,0,0,0,0,1,0,0,0,0,0,pin32
chr5+146202962,0,0,0,0,0,0,0,1,0,0,pin32
chr5+14667164,0,0,1,0,0,0,0,0,0,0,pin32
chr5+14705918,0,0,0,0,0,0,0,1,0,0,pin32
chr5+149018975,0,0,0,0,0,0,0,1,0,0,pin32
chr5+151082078,0,0,0,0,0,0,0,1,0,0,pin32
chr5+156914618,0,0,0,0,0,0,0,1,0,0,pin32
chr5+159207125,0,0,0,0,0,0,0,1,0,0,pin32
chr5+160466406,0,0,0,0,0,0,0,1,0,0,pin32
chr5+160544246,0,0,0,0,0,0,0,1,0,0,pin32
chr5+168835678,0,0,0,0,0,0,0,1,0,0,pin32
chr5+170264214,0,0,0,0,0,0,0,1,0,0,pin32
chr5+170304134,0,1,0,0,0,0,0,0,0,0,pin32
chr5+171387186,0,0,0,0,0,0,0,1,0,0,pin32
chr5+175653616,0,0,0,0,0,0,0,1,0,0,pin32
chr5+178240928,3,0,0,0,0,0,0,0,0,0,pin32
chr5+178241345,1,0,0,0,0,0,0,0,0,0,pin32
chr5+180805578,0,0,0,0,0,0,0,1,0,0,pin32
chr5+180909122,0,0,0,0,0,0,0,1,0,0,pin32
chr5+18746233,0,0,0,0,0,0,0,1,0,0,pin32
chr5+32536997,0,0,0,0,0,0,0,1,0,0,pin32
chr5+35835241,0,0,0,0,0,0,0,1,0,0,pin32
chr5+35878326,0,0,0,0,0,0,0,1,0,0,pin32
chr5+36442664,0,0,0,0,0,0,0,1,0,0,pin32
chr5+36700025,0,0,0,0,0,0,0,1,0,0,pin32
chr5+37112168,0,0,0,0,0,0,0,1,0,0,pin32
chr5+374387,0,0,0,0,0,0,0,1,0,0,pin32
chr5+37721959,0,0,0,0,0,0,0,1,0,0,pin32
chr5+380138,0,0,0,0,0,0,0,1,0,0,pin32
chr5+403257,0,0,0,0,0,0,0,1,0,0,pin32
chr5+40678413,0,1,0,0,0,0,0,0,0,0,pin32
chr5+4121659,0,1,0,0,0,0,0,0,0,0,pin32
chr5+45423215,0,0,0,0,0,0,0,1,0,0,pin32
chr5+50594365,0,0,0,0,0,0,0,1,0,0,pin32
chr5+56158936,2,0,0,0,0,0,0,0,0,0,pin32
chr5+56159210,1,0,0,0,0,0,0,0,0,0,pin32
chr5+56736587,0,0,0,0,0,0,0,1,0,0,pin32
chr5+57323811,0,0,0,0,0,0,0,1,0,0,pin32
chr5+59040856,0,0,0,0,0,0,0,1,0,0,pin32
chr5+62288393,1,0,0,0,0,0,0,0,0,0,pin32
chr5+6409248,0,0,0,0,0,0,0,1,0,0,pin32
chr5+66825161,0,0,0,0,0,0,0,1,0,0,pin32
chr5+6711649,0,0,0,0,0,0,0,0,1,0,pin32
chr5+67199588,0,1,0,0,0,0,0,0,0,0,pin32
chr5+67206503,0,0,0,0,0,0,0,1,0,0,pin32
chr5+68268721,0,0,0,0,0,0,0,1,0,0,pin32
chr5+79517595,0,0,0,0,0,0,0,1,0,0,pin32
chr5+8006965,0,0,0,0,0,0,0,1,0,0,pin32
chr5+80186649,0,0,0,0,0,0,0,1,0,0,pin32
chr5+80187188,0,0,0,0,1,0,0,0,0,0,pin32
chr5+80216093,0,0,0,0,0,0,0,1,0,0,pin32
chr5+80270777,0,0,0,0,0,0,0,1,0,0,pin32
chr5+80759412,0,0,0,0,0,0,0,1,0,0,pin32
chr5+90940045,0,0,0,0,0,0,0,1,0,0,pin32
chr5+95821941,0,0,0,0,0,0,0,1,0,0,pin32
chr5+99034105,0,0,0,0,0,0,0,1,0,0,pin32
chr6-100477517,0,0,0,0,0,0,0,1,0,0,pin32
chr6-100881900,0,0,0,0,0,1,0,0,0,0,pin32
chr6-11258218,0,0,0,0,0,0,0,1,0,0,pin32
chr6-12051394,0,0,1,0,0,0,0,0,0,0,pin32
chr6-12113045,0,0,0,0,0,0,0,1,0,0,pin32
chr6-12115290,0,0,0,0,0,0,0,1,0,0,pin32
chr6-122424282,1,0,0,0,0,0,0,0,0,0,pin32
chr6-127484997,0,0,0,0,1,0,0,0,0,0,pin32
chr6-127895461,0,1,0,0,0,0,0,0,0,0,pin32
chr6-134373517,0,0,0,0,0,0,0,1,0,0,pin32
chr6-135642851,0,0,0,0,0,0,0,1,0,0,pin32
chr6-136524987,0,0,0,0,0,0,0,1,0,0,pin32
chr6-136593220,0,0,1,0,0,0,0,0,0,0,pin32
chr6-139149214,0,1,0,0,0,0,0,0,0,0,pin32
chr6-139152186,0,0,0,0,0,0,0,1,0,0,pin32
chr6-140579285,0,0,0,0,0,0,0,1,0,0,pin32
chr6-144054922,0,0,0,0,0,0,0,1,0,0,pin32
chr6-144151924,0,0,0,0,0,0,0,1,0,0,pin32
chr6-14736087,0,0,0,0,0,0,0,1,0,0,pin32
chr6-149287792,0,0,0,0,0,0,0,1,0,0,pin32
chr6-151005363,0,0,0,0,0,0,0,1,0,0,pin32
chr6-151760199,0,0,0,0,0,0,0,1,0,0,pin32
chr6-152189837,0,0,0,0,0,0,0,1,0,0,pin32
chr6-152655024,0,1,0,0,0,0,0,0,0,0,pin32
chr6-155100276,0,0,0,0,0,0,0,1,0,0,pin32
chr6-155151572,0,0,0,0,0,0,0,1,0,0,pin32
chr6-157462882,0,1,0,0,0,0,0,0,0,0,pin32
chr6-158209275,0,0,0,0,0,0,0,1,0,0,pin32
chr6-158646343,0,1,0,0,0,0,0,0,0,0,pin32
chr6-159046751,0,0,1,0,0,0,0,0,0,0,pin32
chr6-159062203,0,0,0,0,0,0,0,1,0,0,pin32
chr6-16695986,1,0,0,0,0,0,0,0,0,0,pin32
chr6-20351047,0,0,0,0,0,0,0,1,0,0,pin32
chr6-22069907,1,0,0,0,0,0,0,0,0,0,pin32
chr6-22089240,0,0,0,0,0,0,0,1,0,0,pin32
chr6-25170858,1,0,0,0,0,0,0,0,0,0,pin32
chr6-25171582,0,0,1,0,0,0,0,0,0,0,pin32
chr6-28896065,0,0,0,0,0,0,0,1,0,0,pin32
chr6-30508787,0,0,0,0,0,0,0,0,2,0,pin32
chr6-30763987,0,0,0,0,0,0,0,1,0,0,pin32
chr6-30770762,0,0,0,0,0,0,0,1,0,0,pin32
chr6-30771070,0,0,0,0,0,0,0,1,0,0,pin32
chr6-31736968,0,0,0,0,0,0,0,1,0,0,pin32
chr6-32614456,0,0,0,0,0,0,0,1,0,0,pin32
chr6-33019239,0,0,0,0,0,0,0,1,0,0,pin32
chr6-36132100,0,0,0,0,0,0,0,1,0,0,pin32
chr6-37033046,0,0,0,0,0,0,0,1,0,0,pin32
chr6-390392,0,0,0,0,0,0,0,1,0,0,pin32
chr6-39219194,0,0,0,0,0,1,0,0,0,0,pin32
chr6-42279825,0,0,0,0,0,0,0,1,0,0,pin32
chr6-42784018,0,0,0,0,0,0,0,1,0,0,pin32
chr6-44785672,0,0,0,0,0,0,0,1,0,0,pin32
chr6-448278,0,0,0,0,0,0,0,1,0,0,pin32
chr6-45010428,0,0,0,0,0,0,0,1,0,0,pin32
chr6-45490250,0,0,0,0,0,0,0,1,0,0,pin32
chr6-45495262,0,0,1,0,0,0,0,0,0,0,pin32
chr6-45572265,0,0,0,0,0,0,0,1,0,0,pin32
chr6-45593558,0,0,0,0,0,0,0,1,0,0,pin32
chr6-5865978,0,0,0,0,0,0,0,1,0,0,pin32
chr6-73521978,0,0,0,0,0,0,0,1,0,0,pin32
chr6-77466715,0,0,0,0,0,0,0,1,0,0,pin32
chr6-79334300,0,0,0,0,0,0,0,1,0,0,pin32
chr6-90235443,0,0,1,0,0,0,0,0,0,0,pin32
chr6-90426029,0,0,2,0,0,0,0,0,0,0,pin32
chr6+105649219,0,0,0,0,0,0,0,1,0,0,pin32
chr6+105893600,0,0,0,0,0,0,0,1,0,0,pin32
chr6+106618358,0,0,0,0,0,0,0,1,0,0,pin32
chr6+109481301,0,0,0,0,0,0,0,1,0,0,pin32
chr6+109607920,0,0,0,0,0,0,0,1,0,0,pin32
chr6+110178299,0,0,0,0,0,0,0,1,0,0,pin32
chr6+114989568,0,0,0,0,0,0,0,1,0,0,pin32
chr6+11713719,0,0,0,0,0,0,0,1,0,0,pin32
chr6+11728889,0,0,0,0,0,0,0,1,0,0,pin32
chr6+11731422,0,0,0,0,0,0,0,1,0,0,pin32
chr6+127884678,0,0,0,0,0,0,0,1,0,0,pin32
chr6+130032181,0,0,0,0,0,0,0,1,0,0,pin32
chr6+132812807,0,0,0,0,0,0,0,1,0,0,pin32
chr6+134436975,0,0,0,0,0,0,0,1,0,0,pin32
chr6+135160832,0,0,0,0,0,0,0,1,0,0,pin32
chr6+136595764,0,0,0,0,0,0,0,1,0,0,pin32
chr6+137716498,0,0,0,0,0,0,0,1,0,0,pin32
chr6+144151996,0,0,0,0,0,0,0,1,0,0,pin32
chr6+14730506,0,0,0,0,0,0,0,1,0,0,pin32
chr6+14730895,0,0,0,0,0,0,0,0,1,0,pin32
chr6+149060223,0,0,0,0,0,0,0,1,0,0,pin32
chr6+149094146,0,0,0,0,0,0,0,1,0,0,pin32
chr6+149141679,0,1,0,0,0,0,0,0,0,0,pin32
chr6+149194753,0,1,0,0,0,0,0,0,0,0,pin32
chr6+151230601,0,0,0,0,0,0,0,1,0,0,pin32
chr6+152159636,0,0,2,0,0,0,0,0,0,0,pin32
chr6+154240118,0,0,0,0,0,0,0,1,0,0,pin32
chr6+15424201,0,0,1,0,0,0,0,0,0,0,pin32
chr6+157074961,0,0,0,0,0,0,0,1,0,0,pin32
chr6+157843400,0,1,0,0,0,0,0,0,0,0,pin32
chr6+16432567,0,0,0,0,0,0,0,1,0,0,pin32
chr6+16437564,0,0,0,0,0,0,0,1,0,0,pin32
chr6+16482632,0,0,1,0,0,0,0,0,0,0,pin32
chr6+22027003,0,0,0,0,0,0,0,1,0,0,pin32
chr6+24229340,0,0,0,0,0,0,0,1,0,0,pin32
chr6+26033734,0,0,0,0,0,0,0,1,0,0,pin32
chr6+26034674,0,0,1,0,0,0,0,0,0,0,pin32
chr6+26209225,0,0,0,0,0,0,0,1,0,0,pin32
chr6+26364804,0,0,0,0,0,0,0,1,0,0,pin32
chr6+28444334,0,0,0,0,0,0,0,1,0,0,pin32
chr6+2856644,0,0,0,0,0,0,0,1,0,0,pin32
chr6+3070163,0,0,0,0,0,0,0,1,0,0,pin32
chr6+30716122,0,0,0,0,0,0,0,1,0,0,pin32
chr6+30813038,0,0,0,0,0,0,0,1,0,0,pin32
chr6+31573811,0,0,0,0,0,0,0,1,0,0,pin32
chr6+33390765,0,0,0,0,0,0,0,1,0,0,pin32
chr6+35921509,0,0,0,0,0,0,0,1,0,0,pin32
chr6+36131657,0,0,0,0,0,0,0,1,0,0,pin32
chr6+38640943,0,0,1,0,0,0,0,0,0,0,pin32
chr6+38713198,0,0,0,0,0,0,0,1,0,0,pin32
chr6+41938281,0,0,0,0,0,0,0,1,0,0,pin32
chr6+42389680,0,0,0,0,0,0,0,1,0,0,pin32
chr6+42402014,0,0,0,0,0,0,0,1,0,0,pin32
chr6+44140182,0,0,1,0,0,0,0,0,0,0,pin32
chr6+45311345,0,0,0,0,0,0,0,1,0,0,pin32
chr6+45588748,0,0,0,0,0,0,0,1,0,0,pin32
chr6+45807250,0,0,0,0,0,0,0,1,0,0,pin32
chr6+508795,0,0,0,0,0,0,0,1,0,0,pin32
chr6+52306903,0,0,0,0,2,0,0,0,0,0,pin32
chr6+53235886,0,0,0,0,0,1,0,0,0,0,pin32
chr6+53328798,0,0,0,0,0,0,0,1,0,0,pin32
chr6+53647300,0,0,0,0,0,0,0,1,0,0,pin32
chr6+5416648,0,0,0,0,0,0,0,1,0,0,pin32
chr6+547406,0,0,0,0,0,0,0,1,0,0,pin32
chr6+6558304,0,0,0,0,0,0,0,1,0,0,pin32
chr6+6656048,0,0,0,0,0,0,0,1,0,0,pin32
chr6+6659005,0,0,0,0,0,0,0,0,2,0,pin32
chr6+6856128,0,0,0,0,0,1,0,0,0,0,pin32
chr6+6856397,0,0,0,0,0,0,0,1,0,0,pin32
chr6+69880930,0,0,0,0,0,0,0,1,0,0,pin32
chr6+79078843,0,0,0,0,0,0,0,1,0,0,pin32
chr6+79333731,0,0,0,0,0,0,0,1,0,0,pin32
chr6+8064785,0,1,0,0,0,0,0,0,0,0,pin32
chr6+8299561,0,0,1,0,0,0,0,0,0,0,pin32
chr6+83091628,0,0,0,0,0,0,0,1,0,0,pin32
chr6+85464685,0,1,0,0,0,0,0,0,0,0,pin32
chr6+87183128,0,0,0,0,0,0,0,1,0,0,pin32
chr6+90272560,0,0,0,0,0,0,0,1,0,0,pin32
chr7-100156743,0,0,1,0,0,0,0,0,0,0,pin32
chr7-102407644,0,0,0,0,0,1,0,0,0,0,pin32
chr7-102415039,0,0,0,0,0,0,0,1,0,0,pin32
chr7-102460268,1,0,0,0,0,0,0,0,0,0,pin32
chr7-105307630,0,0,0,0,0,0,0,1,0,0,pin32
chr7-108309641,0,0,1,0,0,0,0,0,0,0,pin32
chr7-10941206,0,0,1,0,0,0,0,0,0,0,pin32
chr7-110503133,0,0,0,0,0,0,0,1,0,0,pin32
chr7-112138379,0,0,0,0,0,0,0,1,0,0,pin32
chr7-114787881,0,0,0,0,0,0,0,1,0,0,pin32
chr7-117135829,0,0,0,0,0,0,0,1,0,0,pin32
chr7-12720366,0,0,0,0,0,0,0,1,0,0,pin32
chr7-129404970,0,1,0,0,0,0,0,0,0,0,pin32
chr7-129611212,0,0,0,0,0,0,0,1,0,0,pin32
chr7-134855651,0,0,0,0,0,0,0,1,0,0,pin32
chr7-135661946,0,0,0,0,0,0,0,1,0,0,pin32
chr7-135862293,0,0,1,0,0,0,0,0,0,0,pin32
chr7-142790162,0,0,0,0,0,0,0,1,0,0,pin32
chr7-149201109,0,0,0,0,0,0,0,1,0,0,pin32
chr7-150323088,0,0,0,0,0,0,0,1,0,0,pin32
chr7-150406733,0,0,0,0,0,0,0,1,0,0,pin32
chr7-150503436,0,0,0,0,0,0,0,1,0,0,pin32
chr7-150503971,0,0,0,0,0,0,0,1,0,0,pin32
chr7-150513654,1,0,0,0,0,0,0,0,0,0,pin32
chr7-150631944,0,0,0,0,0,0,0,1,0,0,pin32
chr7-150718181,0,0,0,0,0,0,0,1,0,0,pin32
chr7-151768982,0,0,0,0,0,0,0,1,0,0,pin32
chr7-156666832,0,0,1,0,0,0,0,0,0,0,pin32
chr7-156778124,0,0,0,0,0,0,0,1,0,0,pin32
chr7-158820845,0,0,0,0,0,0,0,1,0,0,pin32
chr7-18858236,0,0,0,0,0,0,0,1,0,0,pin32
chr7-24911817,0,0,0,0,0,0,0,1,0,0,pin32
chr7-27662157,0,0,0,0,0,0,0,1,0,0,pin32
chr7-2772194,0,0,0,0,0,0,0,1,0,0,pin32
chr7-30479600,0,0,0,1,0,0,0,0,0,0,pin32
chr7-3093322,0,0,0,0,0,0,0,1,0,0,pin32
chr7-3107314,0,0,0,0,0,0,0,1,0,0,pin32
chr7-3112116,0,0,0,0,0,0,0,1,0,0,pin32
chr7-3115559,0,0,0,0,0,0,0,1,0,0,pin32
chr7-32658596,0,0,0,0,0,0,0,1,0,0,pin32
chr7-3471135,0,0,0,0,0,0,0,1,0,0,pin32
chr7-36688647,0,0,0,0,0,0,0,1,0,0,pin32
chr7-37356139,0,0,0,0,0,0,0,1,0,0,pin32
chr7-38234054,0,0,0,0,0,0,0,1,0,0,pin32
chr7-38320321,0,0,0,0,0,0,0,1,0,0,pin32
chr7-41284988,0,0,1,0,0,0,0,0,0,0,pin32
chr7-45696425,0,0,1,0,0,0,0,0,0,0,pin32
chr7-55536226,0,0,0,0,0,0,0,1,0,0,pin32
chr7-56107542,0,0,1,0,0,0,0,0,0,0,pin32
chr7-584850,0,0,1,0,0,0,0,0,0,0,pin32
chr7-65799536,0,0,0,0,0,0,0,1,0,0,pin32
chr7-65799926,0,0,1,0,0,0,0,0,0,0,pin32
chr7-70177869,2,0,0,0,0,0,0,0,0,0,pin32
chr7-726495,0,0,0,0,0,0,0,1,0,0,pin32
chr7-7568691,0,0,0,0,0,0,0,1,0,0,pin32
chr7-77352756,0,0,0,0,0,0,0,1,0,0,pin32
chr7-87877395,0,0,0,0,0,0,0,1,0,0,pin32
chr7-88218822,0,0,0,0,0,0,0,1,0,0,pin32
chr7-88361729,0,0,0,0,0,0,0,1,0,0,pin32
chr7-9089692,0,0,0,0,0,0,0,1,0,0,pin32
chr7-96285641,0,0,0,0,0,0,0,1,0,0,pin32
chr7-96710264,0,0,0,0,0,0,0,1,0,0,pin32
chr7+100148571,0,0,0,0,1,0,0,0,0,0,pin32
chr7+104944901,0,0,0,0,1,0,0,0,0,0,pin32
chr7+106072106,0,0,0,0,0,0,0,1,0,0,pin32
chr7+106718448,0,0,0,0,1,0,0,0,0,0,pin32
chr7+111028718,0,0,0,0,0,0,0,1,0,0,pin32
chr7+1130075,0,0,1,0,0,0,0,0,0,0,pin32
chr7+114787976,0,0,0,0,0,0,0,1,0,0,pin32
chr7+1192007,0,0,0,0,0,0,0,1,0,0,pin32
chr7+121531952,0,0,0,0,0,0,0,1,0,0,pin32
chr7+126828396,0,0,0,0,0,0,0,1,0,0,pin32
chr7+12688145,0,0,1,0,0,0,0,0,0,0,pin32
chr7+128547815,0,0,1,0,0,0,0,0,0,0,pin32
chr7+139096113,0,0,0,0,0,0,0,1,0,0,pin32
chr7+141675437,0,0,0,0,0,0,0,1,0,0,pin32
chr7+143260070,0,0,0,0,0,0,0,1,0,0,pin32
chr7+150068329,0,0,0,0,0,0,0,1,0,0,pin32
chr7+152760605,0,0,1,0,0,0,0,0,0,0,pin32
chr7+153082555,0,0,1,0,0,0,0,0,0,0,pin32
chr7+17912562,0,0,0,0,0,0,0,1,0,0,pin32
chr7+19114865,0,0,0,0,1,0,0,0,0,0,pin32
chr7+20240619,0,0,0,0,0,0,0,1,0,0,pin32
chr7+21355976,0,0,0,0,0,0,0,1,0,0,pin32
chr7+24924169,0,0,0,0,0,0,0,1,0,0,pin32
chr7+2924518,0,0,0,0,0,0,0,1,0,0,pin32
chr7+362062,0,0,1,0,0,0,0,0,0,0,pin32
chr7+36785757,0,0,0,0,0,0,0,1,0,0,pin32
chr7+38231906,0,0,0,0,0,0,0,1,0,0,pin32
chr7+38334192,0,0,0,0,0,0,0,1,0,0,pin32
chr7+43650319,0,0,0,0,0,0,0,1,0,0,pin32
chr7+44985683,0,0,0,0,0,0,0,1,0,0,pin32
chr7+48087975,0,0,0,0,0,0,0,1,0,0,pin32
chr7+49638983,0,0,0,1,0,0,0,0,0,0,pin32
chr7+50146691,0,0,0,0,0,0,0,1,0,0,pin32
chr7+50220298,0,0,0,0,0,0,0,1,0,0,pin32
chr7+50594800,0,0,1,0,0,0,0,0,0,0,pin32
chr7+55569435,0,0,0,0,0,0,0,1,0,0,pin32
chr7+617559,0,0,0,0,0,0,0,1,0,0,pin32
chr7+64307937,0,0,0,0,0,0,0,1,0,0,pin32
chr7+64541357,0,0,0,0,0,0,0,1,0,0,pin32
chr7+69184955,0,0,0,0,0,0,0,1,0,0,pin32
chr7+73525144,0,0,0,0,0,0,0,1,0,0,pin32
chr7+74651165,0,0,0,0,0,0,0,1,0,0,pin32
chr7+74651539,0,0,0,0,0,0,0,1,0,0,pin32
chr7+74796937,0,0,0,0,0,0,0,1,0,0,pin32
chr7+75428281,0,0,0,0,0,0,0,1,0,0,pin32
chr7+76862350,0,0,0,0,0,0,0,1,0,0,pin32
chr7+80752370,0,1,0,0,0,0,0,0,0,0,pin32
chr7+86191128,0,0,0,0,0,0,0,1,0,0,pin32
chr7+87217454,0,0,0,0,0,0,0,1,0,0,pin32
chr7+88355614,0,0,0,0,0,0,0,1,0,0,pin32
chr7+92448223,0,0,0,0,0,0,0,1,0,0,pin32
chr7+92633217,0,0,0,0,0,0,0,1,0,0,pin32
chr7+96651806,0,0,1,0,0,0,0,0,0,0,pin32
chr7+96710367,0,0,0,0,0,0,0,1,0,0,pin32
chr8-100514120,0,0,0,0,0,0,0,1,0,0,pin32
chr8-102099722,0,0,0,0,0,0,0,1,0,0,pin32
chr8-102536677,0,0,0,0,0,0,0,1,0,0,pin32
chr8-108248568,0,0,0,0,0,0,0,1,0,0,pin32
chr8-108468212,0,0,0,0,0,0,0,1,0,0,pin32
chr8-115428044,0,1,0,0,0,0,0,0,0,0,pin32
chr8-116228081,0,0,0,0,0,0,0,1,0,0,pin32
chr8-116684039,0,0,0,0,0,0,0,1,0,0,pin32
chr8-11805795,0,0,0,0,0,0,0,1,0,0,pin32
chr8-119642319,0,0,0,0,0,0,0,1,0,0,pin32
chr8-122782378,0,0,0,0,0,0,0,1,0,0,pin32
chr8-123613651,0,0,0,0,0,0,0,1,0,0,pin32
chr8-124198674,0,0,1,0,0,0,0,0,0,0,pin32
chr8-125274474,0,0,0,0,0,0,0,1,0,0,pin32
chr8-127976104,0,0,0,0,0,0,0,1,0,0,pin32
chr8-127990434,0,0,0,0,0,0,0,1,0,0,pin32
chr8-128591412,0,0,0,0,0,0,0,1,0,0,pin32
chr8-128652041,0,0,0,0,0,0,0,1,0,0,pin32
chr8-133695468,0,0,0,0,0,0,0,1,0,0,pin32
chr8-134320871,0,0,0,0,0,0,0,1,0,0,pin32
chr8-143546135,0,0,0,0,0,0,0,1,0,0,pin32
chr8-143548553,0,1,0,0,0,0,0,0,0,0,pin32
chr8-1468252,0,1,0,0,0,0,0,0,0,0,pin32
chr8-16604553,0,0,0,0,0,0,0,1,0,0,pin32
chr8-16935673,0,0,1,0,0,0,0,0,0,0,pin32
chr8-17652189,0,0,0,0,0,0,0,1,0,0,pin32
chr8-17652909,0,1,0,0,0,0,0,0,0,0,pin32
chr8-19209823,0,0,0,0,0,0,0,1,0,0,pin32
chr8-19384326,0,0,0,0,0,0,0,1,0,0,pin32
chr8-21780756,0,0,0,0,0,0,0,1,0,0,pin32
chr8-22353418,0,0,1,0,0,0,0,0,0,0,pin32
chr8-24387356,0,0,0,0,0,0,0,0,0,2,pin32
chr8-27290992,0,0,0,0,0,0,0,1,0,0,pin32
chr8-27376875,0,0,0,0,0,0,0,1,0,0,pin32
chr8-29553949,0,0,0,0,0,0,0,1,0,0,pin32
chr8-29554827,0,0,1,0,0,0,0,0,0,0,pin32
chr8-29926451,0,0,0,0,0,0,0,1,0,0,pin32
chr8-30094597,0,0,0,0,0,0,0,1,0,0,pin32
chr8-37891623,0,0,0,0,0,0,0,1,0,0,pin32
chr8-38380977,0,1,0,0,0,0,0,0,0,0,pin32
chr8-38900643,0,0,0,0,0,0,0,1,0,0,pin32
chr8-38965401,0,0,0,0,0,0,0,1,0,0,pin32
chr8-41524445,0,0,1,0,0,0,0,0,0,0,pin32
chr8-42181793,0,1,0,0,0,0,0,0,0,0,pin32
chr8-47135071,0,0,1,0,0,0,0,0,0,0,pin32
chr8-60885506,0,0,0,0,0,0,0,1,0,0,pin32
chr8-64757854,0,0,0,0,0,0,0,1,0,0,pin32
chr8-65949871,0,0,0,0,0,0,0,1,0,0,pin32
chr8-65965613,0,0,0,0,0,0,0,1,0,0,pin32
chr8-66668143,0,0,0,0,0,0,1,0,0,0,pin32
chr8-6802014,0,0,0,0,0,0,0,1,0,0,pin32
chr8-68059697,0,0,0,0,0,0,0,1,0,0,pin32
chr8-73464813,0,0,0,0,0,0,0,1,0,0,pin32
chr8-73517912,0,0,0,0,0,0,0,1,0,0,pin32
chr8-81072521,0,0,0,0,0,0,0,1,0,0,pin32
chr8-90627286,0,0,0,0,0,0,0,0,1,0,pin32
chr8-9907849,0,0,0,0,0,0,0,1,0,0,pin32
chr8+100219326,0,0,0,0,1,0,0,0,0,0,pin32
chr8+100386832,0,0,0,0,0,0,0,1,0,0,pin32
chr8+100430088,0,0,0,0,0,0,0,1,0,0,pin32
chr8+100444630,0,0,0,0,0,0,0,1,0,0,pin32
chr8+101374963,0,0,0,0,0,0,0,1,0,0,pin32
chr8+101905301,0,0,0,0,0,0,0,1,0,0,pin32
chr8+101908426,0,0,0,0,0,0,0,1,0,0,pin32
chr8+102203574,0,0,0,0,0,0,0,1,0,0,pin32
chr8+102206421,0,0,0,0,0,0,0,1,0,0,pin32
chr8+102886522,0,0,0,0,0,0,0,1,0,0,pin32
chr8+10785241,0,0,0,0,0,0,0,0,1,0,pin32
chr8+110141142,0,0,0,0,0,0,3,0,0,0,pin32
chr8+123161265,0,0,0,0,0,0,0,1,0,0,pin32
chr8+125126562,0,0,0,0,0,0,0,1,0,0,pin32
chr8+128279652,0,0,0,0,0,0,0,1,0,0,pin32
chr8+128553731,0,0,0,0,1,0,0,0,0,0,pin32
chr8+128591003,0,0,0,0,1,0,0,0,0,0,pin32
chr8+128592051,0,0,0,0,1,0,0,0,0,0,pin32
chr8+129416263,0,0,0,0,0,0,0,1,0,0,pin32
chr8+133058488,0,0,0,0,0,0,0,1,0,0,pin32
chr8+133060789,0,0,0,0,0,0,0,1,0,0,pin32
chr8+133068094,0,0,0,0,0,0,0,1,0,0,pin32
chr8+1672057,0,0,1,0,0,0,0,0,0,0,pin32
chr8+17651196,0,0,0,0,0,0,0,1,0,0,pin32
chr8+17653993,0,0,0,0,0,0,0,1,0,0,pin32
chr8+19214681,0,1,0,0,0,0,0,0,0,0,pin32
chr8+19447900,0,0,0,1,0,0,0,0,0,0,pin32
chr8+19613568,0,0,0,0,0,0,0,1,0,0,pin32
chr8+20600009,0,0,0,0,0,0,0,1,0,0,pin32
chr8+2129891,0,0,0,0,0,0,0,0,2,0,pin32
chr8+2133364,0,0,1,0,0,0,0,0,0,0,pin32
chr8+21910638,0,0,0,0,0,0,0,1,0,0,pin32
chr8+22300514,0,0,0,0,0,0,0,1,0,0,pin32
chr8+22302779,0,0,0,0,0,0,0,1,0,0,pin32
chr8+22693889,0,0,0,0,0,0,0,1,0,0,pin32
chr8+23244770,0,0,0,0,0,0,0,1,0,0,pin32
chr8+29386547,0,1,0,0,0,0,0,0,0,0,pin32
chr8+29468665,0,0,0,0,0,0,0,1,0,0,pin32
chr8+37737127,0,0,0,0,0,0,0,1,0,0,pin32
chr8+42177569,0,0,0,0,0,0,0,1,0,0,pin32
chr8+42245638,0,1,0,0,0,0,0,0,0,0,pin32
chr8+42741431,0,0,0,0,0,0,0,1,0,0,pin32
chr8+47513165,0,0,0,0,0,0,0,1,0,0,pin32
chr8+52715005,0,0,0,0,0,0,0,1,0,0,pin32
chr8+58800841,0,1,0,0,0,0,0,0,0,0,pin32
chr8+65881711,0,0,0,0,0,0,0,1,0,0,pin32
chr8+65981401,0,0,1,0,0,0,0,0,0,0,pin32
chr8+66669589,0,0,0,0,0,0,0,1,0,0,pin32
chr8+67504615,0,0,0,0,0,0,0,1,0,0,pin32
chr8+70141272,0,0,0,0,0,0,0,1,0,0,pin32
chr8+73299867,0,0,0,0,0,0,0,1,0,0,pin32
chr8+73489487,0,0,0,0,0,0,0,1,0,0,pin32
chr8+73518874,0,0,0,0,0,0,0,1,0,0,pin32
chr8+76981496,0,0,0,0,0,0,0,1,0,0,pin32
chr8+76993375,0,0,0,0,0,0,0,1,0,0,pin32
chr8+81075173,0,0,0,0,0,0,0,1,0,0,pin32
chr8+81134393,0,0,0,0,0,0,0,1,0,0,pin32
chr8+90467421,0,0,0,0,0,0,0,1,0,0,pin32
chr8+96277117,0,0,0,0,0,0,0,1,0,0,pin32
chr9-107284914,0,0,0,0,0,0,0,1,0,0,pin32
chr9-109466966,0,1,0,0,0,0,0,0,0,0,pin32
chr9-112314578,0,0,1,0,0,0,0,0,0,0,pin32
chr9-114366003,0,0,0,0,0,0,0,1,0,0,pin32
chr9-120879509,0,0,0,0,0,0,0,1,0,0,pin32
chr9-125608996,0,0,0,0,0,1,0,0,0,0,pin32
chr9-126721008,0,0,1,0,0,0,0,0,0,0,pin32
chr9-128551224,0,0,0,0,0,0,0,1,0,0,pin32
chr9-128551348,0,0,0,0,0,0,0,1,0,0,pin32
chr9-129237812,0,0,0,0,0,0,0,1,0,0,pin32
chr9-129891232,0,0,1,0,0,0,0,0,0,0,pin32
chr9-129892573,0,0,0,0,0,0,0,1,0,0,pin32
chr9-129895781,0,0,0,0,0,0,0,1,0,0,pin32
chr9-131734354,0,0,0,0,0,0,0,1,0,0,pin32
chr9-132781162,0,0,0,0,0,0,0,1,0,0,pin32
chr9-133135034,0,0,0,0,0,0,0,1,0,0,pin32
chr9-136245000,0,0,0,0,0,0,0,1,0,0,pin32
chr9-1367603,0,0,0,0,0,0,0,1,0,0,pin32
chr9-161637,0,0,1,0,0,0,0,0,0,0,pin32
chr9-1911197,0,0,0,0,0,0,0,1,0,0,pin32
chr9-19129106,0,0,1,0,0,0,0,0,0,0,pin32
chr9-273157,0,0,0,0,0,0,0,1,0,0,pin32
chr9-27468689,0,0,0,0,0,0,0,1,0,0,pin32
chr9-32527432,0,0,0,0,0,0,0,1,0,0,pin32
chr9-33297413,0,0,0,0,0,0,0,1,0,0,pin32
chr9-35621657,0,0,0,0,0,0,0,1,0,0,pin32
chr9-41171917,0,0,1,0,0,0,0,0,0,0,pin32
chr9-5531478,0,0,0,0,0,0,0,1,0,0,pin32
chr9-63113131,0,0,0,0,0,0,0,1,0,0,pin32
chr9-6565178,0,0,0,0,0,0,0,1,0,0,pin32
chr9-68652545,0,0,0,0,0,0,0,1,0,0,pin32
chr9-69502585,0,0,0,0,0,0,0,1,0,0,pin32
chr9-81615417,1,0,0,0,0,0,0,0,0,0,pin32
chr9-88988782,0,0,1,0,0,0,0,0,0,0,pin32
chr9-91057802,0,0,0,0,0,0,0,1,0,0,pin32
chr9-91100087,0,0,0,0,0,0,0,1,0,0,pin32
chr9-91134943,0,0,0,0,0,0,0,1,0,0,pin32
chr9-91164673,0,0,0,0,0,0,0,1,0,0,pin32
chr9-95896670,0,0,0,0,0,0,0,1,0,0,pin32
chr9-96296033,0,0,1,0,0,0,0,0,0,0,pin32
chr9-96567767,0,0,0,0,0,0,0,1,0,0,pin32
chr9-97906038,0,0,0,0,0,0,0,1,0,0,pin32
chr9+101532855,0,1,0,0,0,0,0,0,0,0,pin32
chr9+103990886,0,0,1,0,0,0,0,0,0,0,pin32
chr9+109446292,0,0,0,0,0,0,0,1,0,0,pin32
chr9+109919773,0,0,0,0,0,0,0,1,0,0,pin32
chr9+112355034,0,0,0,0,0,0,0,1,0,0,pin32
chr9+120485377,0,1,0,0,0,0,0,0,0,0,pin32
chr9+124690567,0,0,1,0,0,0,0,0,0,0,pin32
chr9+127475831,0,0,0,0,0,0,0,1,0,0,pin32
chr9+127778898,0,0,0,0,0,0,0,1,0,0,pin32
chr9+129267491,0,0,0,0,0,0,0,1,0,0,pin32
chr9+131418385,1,0,0,0,0,0,0,0,0,0,pin32
chr9+131738725,0,0,1,0,0,0,0,0,0,0,pin32
chr9+133134541,0,0,0,0,0,0,0,1,0,0,pin32
chr9+137761523,0,0,0,0,0,0,0,1,0,0,pin32
chr9+15296651,0,0,0,0,0,0,0,1,0,0,pin32
chr9+15512721,0,0,0,0,0,0,0,1,0,0,pin32
chr9+19127107,0,0,0,0,0,1,0,0,0,0,pin32
chr9+19976306,0,0,0,0,0,0,0,1,0,0,pin32
chr9+20624163,0,0,0,0,0,0,0,1,0,0,pin32
chr9+2160042,0,0,0,0,0,0,0,1,0,0,pin32
chr9+29407081,0,0,0,0,0,0,0,1,0,0,pin32
chr9+33160280,0,0,0,0,0,0,0,1,0,0,pin32
chr9+33309932,0,0,0,0,0,0,0,1,0,0,pin32
chr9+33474461,0,0,0,0,0,0,0,1,0,0,pin32
chr9+35639439,0,0,0,0,0,0,0,1,0,0,pin32
chr9+35786406,0,0,0,0,0,0,0,0,2,0,pin32
chr9+36152098,0,0,0,0,0,0,0,1,0,0,pin32
chr9+4829297,0,0,0,0,0,0,0,1,0,0,pin32
chr9+5336986,0,0,1,0,0,0,0,0,0,0,pin32
chr9+5849837,0,0,0,0,0,0,0,1,0,0,pin32
chr9+65693403,0,0,1,0,0,0,0,0,0,0,pin32
chr9+69524208,0,0,0,0,0,0,0,1,0,0,pin32
chr9+69795920,0,0,0,0,0,1,0,0,0,0,pin32
chr9+72474664,1,0,0,0,0,0,0,0,0,0,pin32
chr9+77252911,0,0,0,0,0,0,0,0,2,0,pin32
chr9+77725723,0,0,1,0,0,0,0,0,0,0,pin32
chr9+795122,0,0,1,0,0,0,0,0,0,0,pin32
chr9+8364504,0,0,0,0,0,0,0,1,0,0,pin32
chr9+84295652,0,0,0,0,0,0,0,1,0,0,pin32
chr9+84754106,0,0,0,0,0,0,0,1,0,0,pin32
chr9+90934848,0,1,0,0,0,0,0,0,0,0,pin32
chr9+96017269,0,0,0,0,0,0,0,1,0,0,pin32
chr9+99168989,1,0,0,0,0,0,0,0,0,0,pin32
chr9+99850515,0,0,0,0,0,0,0,1,0,0,pin32
chr9+99858019,0,0,0,0,0,0,0,1,0,0,pin32
chrX-104157497,0,0,0,0,0,0,0,1,0,0,pin32
chrX-109845089,0,0,0,0,0,0,0,1,0,0,pin32
chrX-124157951,0,0,0,0,0,0,0,1,0,0,pin32
chrX-124341020,1,0,0,0,0,0,0,0,0,0,pin32
chrX-124728079,0,0,0,0,0,0,0,1,0,0,pin32
chrX-12971493,0,0,0,0,0,0,0,1,0,0,pin32
chrX-129778078,0,0,0,0,0,0,0,1,0,0,pin32
chrX-130093591,0,0,1,0,0,0,0,0,0,0,pin32
chrX-132771236,0,0,1,0,0,0,0,0,0,0,pin32
chrX-136625970,0,1,0,0,0,0,0,0,0,0,pin32
chrX-155104930,0,0,0,0,0,0,0,1,0,0,pin32
chrX-19870728,0,0,0,0,0,0,0,1,0,0,pin32
chrX-23920824,0,0,0,0,0,0,0,1,0,0,pin32
chrX-30652058,0,0,0,0,0,0,0,1,0,0,pin32
chrX-38892492,0,0,0,0,1,0,0,0,0,0,pin32
chrX-39426004,0,0,0,0,0,0,0,1,0,0,pin32
chrX-44850028,0,0,0,0,1,0,0,0,0,0,pin32
chrX-45772898,0,0,0,0,0,0,0,1,0,0,pin32
chrX-46221865,0,0,1,0,0,0,0,0,0,0,pin32
chrX-46721855,0,0,0,0,0,0,0,1,0,0,pin32
chrX-53687532,0,0,0,0,0,0,0,1,0,0,pin32
chrX-53731229,0,0,0,0,0,0,0,1,0,0,pin32
chrX-54807313,0,0,0,0,0,0,0,1,0,0,pin32
chrX-56814603,0,0,0,0,0,0,0,1,0,0,pin32
chrX-65822638,0,0,0,0,0,0,0,1,0,0,pin32
chrX-69043762,0,0,0,0,0,0,0,1,0,0,pin32
chrX-71619067,0,0,0,0,0,0,0,1,0,0,pin32
chrX-79165274,0,1,0,0,0,0,0,0,0,0,pin32
chrX-9156895,0,0,0,0,0,0,0,1,0,0,pin32
chrX-97400065,0,0,0,0,0,0,0,1,0,0,pin32
chrX+109269007,0,0,0,0,0,0,0,1,0,0,pin32
chrX+119682235,0,0,0,0,0,0,0,1,0,0,pin32
chrX+119685922,0,0,0,0,0,0,0,1,0,0,pin32
chrX+119758103,0,0,1,0,0,0,0,0,0,0,pin32
chrX+124347786,0,0,0,0,0,0,0,1,0,0,pin32
chrX+124361908,0,0,0,0,0,0,0,1,0,0,pin32
chrX+13001551,0,0,0,0,0,0,0,1,0,0,pin32
chrX+13002365,0,0,0,0,0,0,0,1,0,0,pin32
chrX+13014858,0,0,0,0,0,1,0,0,0,0,pin32
chrX+13123288,0,0,0,0,0,0,0,1,0,0,pin32
chrX+136522416,0,0,0,0,0,0,0,1,0,0,pin32
chrX+136651573,0,0,0,0,0,0,0,1,0,0,pin32
chrX+144921014,0,0,0,0,0,0,0,1,0,0,pin32
chrX+146617902,0,0,0,0,0,0,0,1,0,0,pin32
chrX+150472731,0,1,0,0,0,0,0,0,0,0,pin32
chrX+154734063,0,0,0,0,0,1,0,0,0,0,pin32
chrX+15902996,0,0,0,0,0,0,0,1,0,0,pin32
chrX+16871425,0,0,1,0,0,0,0,0,0,0,pin32
chrX+21438677,0,0,0,0,0,0,0,1,0,0,pin32
chrX+21929475,0,0,0,0,0,0,0,1,0,0,pin32
chrX+38814642,0,0,0,0,0,0,0,1,0,0,pin32
chrX+39309509,0,0,0,0,0,0,0,1,0,0,pin32
chrX+39432844,0,0,0,0,0,0,0,1,0,0,pin32
chrX+42109090,0,0,0,0,0,0,0,1,0,0,pin32
chrX+42942866,0,0,0,0,0,0,0,1,0,0,pin32
chrX+42945008,0,0,0,0,0,1,0,0,0,0,pin32
chrX+45436606,0,0,1,0,0,0,0,0,0,0,pin32
chrX+46546498,0,0,0,0,0,0,0,1,0,0,pin32
chrX+47189409,0,0,0,0,0,0,0,1,0,0,pin32
chrX+48520392,0,0,1,0,0,0,0,0,0,0,pin32
chrX+48919852,0,0,2,0,0,0,0,0,0,0,pin32
chrX+53714344,0,0,0,0,0,0,0,1,0,0,pin32
chrX+54921462,0,0,1,0,0,0,0,0,0,0,pin32
chrX+70675303,0,0,0,0,0,0,0,1,0,0,pin32
chrX+71113050,0,0,2,0,0,0,0,0,0,0,pin32
chrX+78978732,0,0,0,0,0,0,0,1,0,0,pin32
chrX+7920636,0,0,0,0,0,0,0,1,0,0,pin32
chrX+79230081,0,0,0,0,0,0,0,1,0,0,pin32
